year,state,congressional_district,party,candidatevotes,totalvotes
2014,ALABAMA,1,REPUBLICAN,103758,152234
2014,ALABAMA,2,REPUBLICAN,113103,167952
2014,ALABAMA,3,REPUBLICAN,103558,156620
2014,ALABAMA,4,REPUBLICAN,132831,134752
2014,ALABAMA,5,REPUBLICAN,115338,154974
2014,ALABAMA,6,REPUBLICAN,135945,178449
2014,ALABAMA,7,DEMOCRAT,133687,135899
2014,ARIZONA,1,DEMOCRAT,97391,185114
2014,ARIZONA,2,REPUBLICAN,109704,219351
2014,ARIZONA,3,DEMOCRAT,58192,104428
2014,ARIZONA,4,REPUBLICAN,122560,175179
2014,ARIZONA,5,REPUBLICAN,124867,179463
2014,ARIZONA,6,REPUBLICAN,129578,199776
2014,ARIZONA,7,DEMOCRAT,54235,72454
2014,ARIZONA,8,REPUBLICAN,128710,169776
2014,ARIZONA,9,DEMOCRAT,88609,162062
2014,ARKANSAS,1,REPUBLICAN,124139,196256
2014,ARKANSAS,2,REPUBLICAN,123073,237330
2014,ARKANSAS,3,REPUBLICAN,151630,190935
2014,ARKANSAS,4,REPUBLICAN,110789,206131
2014,CALIFORNIA,1,REPUBLICAN,132052,216372
2014,CALIFORNIA,2,DEMOCRAT,163124,217524
2014,CALIFORNIA,3,DEMOCRAT,79224,150260
2014,CALIFORNIA,4,REPUBLICAN,126784,211134
2014,CALIFORNIA,5,DEMOCRAT,129613,171148
2014,CALIFORNIA,6,DEMOCRAT,97008,133456
2014,CALIFORNIA,7,DEMOCRAT,92521,183587
2014,CALIFORNIA,8,REPUBLICAN,77480,114536
2014,CALIFORNIA,9,DEMOCRAT,63475,121204
2014,CALIFORNIA,10,REPUBLICAN,70582,125705
2014,CALIFORNIA,11,DEMOCRAT,117502,174662
2014,CALIFORNIA,12,DEMOCRAT,160067,192264
2014,CALIFORNIA,13,DEMOCRAT,168491,190431
2014,CALIFORNIA,14,DEMOCRAT,114389,149146
2014,CALIFORNIA,15,DEMOCRAT,99756,142906
2014,CALIFORNIA,16,DEMOCRAT,46277,91220
2014,CALIFORNIA,17,DEMOCRAT,69561,134408
2014,CALIFORNIA,18,DEMOCRAT,133060,196386
2014,CALIFORNIA,19,DEMOCRAT,85888,127788
2014,CALIFORNIA,20,DEMOCRAT,106034,141044
2014,CALIFORNIA,21,REPUBLICAN,45907,79377
2014,CALIFORNIA,22,REPUBLICAN,96053,133342
2014,CALIFORNIA,23,REPUBLICAN,100317,134043
2014,CALIFORNIA,24,DEMOCRAT,103228,198794
2014,CALIFORNIA,25,REPUBLICAN,60847,114072
2014,CALIFORNIA,26,DEMOCRAT,87176,169829
2014,CALIFORNIA,27,DEMOCRAT,75728,127580
2014,CALIFORNIA,28,DEMOCRAT,91996,120264
2014,CALIFORNIA,29,DEMOCRAT,50096,67141
2014,CALIFORNIA,30,DEMOCRAT,86568,131883
2014,CALIFORNIA,31,DEMOCRAT,51622,99784
2014,CALIFORNIA,32,DEMOCRAT,50353,84406
2014,CALIFORNIA,33,DEMOCRAT,108331,183031
2014,CALIFORNIA,34,DEMOCRAT,44697,61621
2014,CALIFORNIA,35,DEMOCRAT,39502,62255
2014,CALIFORNIA,36,DEMOCRAT,72682,134139
2014,CALIFORNIA,37,DEMOCRAT,96787,114838
2014,CALIFORNIA,38,DEMOCRAT,58192,98480
2014,CALIFORNIA,39,REPUBLICAN,91319,133225
2014,CALIFORNIA,40,DEMOCRAT,30208,49379
2014,CALIFORNIA,41,DEMOCRAT,46948,82884
2014,CALIFORNIA,42,REPUBLICAN,74540,113390
2014,CALIFORNIA,43,DEMOCRAT,69681,98202
2014,CALIFORNIA,44,DEMOCRAT,59670,68862
2014,CALIFORNIA,45,REPUBLICAN,106083,162902
2014,CALIFORNIA,46,DEMOCRAT,49738,83315
2014,CALIFORNIA,47,DEMOCRAT,69091,123400
2014,CALIFORNIA,48,REPUBLICAN,112082,174795
2014,CALIFORNIA,49,REPUBLICAN,98161,163142
2014,CALIFORNIA,50,REPUBLICAN,111997,157299
2014,CALIFORNIA,51,DEMOCRAT,56373,81950
2014,CALIFORNIA,52,DEMOCRAT,98826,191572
2014,CALIFORNIA,53,DEMOCRAT,87104,148044
2014,COLORADO,1,DEMOCRAT,183281,278494
2014,COLORADO,2,DEMOCRAT,196300,345945
2014,COLORADO,3,REPUBLICAN,163011,281141
2014,COLORADO,4,REPUBLICAN,185292,286507
2014,COLORADO,5,REPUBLICAN,157182,262855
2014,COLORADO,6,REPUBLICAN,143467,276440
2014,COLORADO,7,DEMOCRAT,148225,269143
2014,CONNECTICUT,1,DEMOCRAT,127430,217881
2014,CONNECTICUT,2,DEMOCRAT,131294,227936
2014,CONNECTICUT,3,DEMOCRAT,130009,209939
2014,CONNECTICUT,4,DEMOCRAT,101401,198800
2014,CONNECTICUT,5,DEMOCRAT,106256,213301
2014,FLORIDA,1,REPUBLICAN,165086,235343
2014,FLORIDA,2,DEMOCRAT,126096,249780
2014,FLORIDA,3,REPUBLICAN,148691,228809
2014,FLORIDA,4,REPUBLICAN,177887,227253
2014,FLORIDA,5,DEMOCRAT,112340,171577
2014,FLORIDA,6,REPUBLICAN,166254,265817
2014,FLORIDA,7,REPUBLICAN,144474,227164
2014,FLORIDA,8,REPUBLICAN,180728,274513
2014,FLORIDA,9,DEMOCRAT,93850,173878
2014,FLORIDA,10,REPUBLICAN,143128,232574
2014,FLORIDA,11,REPUBLICAN,181508,272294
2014,FLORIDA,12,REPUBLICAN,1,1
2014,FLORIDA,13,REPUBLICAN,168172,223576
2014,FLORIDA,14,DEMOCRAT,1,1
2014,FLORIDA,15,REPUBLICAN,128750,213582
2014,FLORIDA,16,REPUBLICAN,169126,274829
2014,FLORIDA,17,REPUBLICAN,141493,223756
2014,FLORIDA,18,DEMOCRAT,151478,253374
2014,FLORIDA,19,REPUBLICAN,159354,246861
2014,FLORIDA,20,DEMOCRAT,128498,157466
2014,FLORIDA,21,DEMOCRAT,153395,153970
2014,FLORIDA,22,DEMOCRAT,125404,216096
2014,FLORIDA,23,DEMOCRAT,103269,164788
2014,FLORIDA,24,DEMOCRAT,129192,149918
2014,FLORIDA,25,REPUBLICAN,1,1
2014,FLORIDA,26,REPUBLICAN,83031,161337
2014,FLORIDA,27,REPUBLICAN,1,1
2014,GEORGIA,1,REPUBLICAN,95337,156512
2014,GEORGIA,2,DEMOCRAT,96363,162900
2014,GEORGIA,3,REPUBLICAN,156277,156277
2014,GEORGIA,4,DEMOCRAT,161211,161320
2014,GEORGIA,5,DEMOCRAT,170326,170326
2014,GEORGIA,6,REPUBLICAN,139018,210504
2014,GEORGIA,7,REPUBLICAN,113557,173669
2014,GEORGIA,8,REPUBLICAN,129938,130057
2014,GEORGIA,9,REPUBLICAN,146059,181047
2014,GEORGIA,10,REPUBLICAN,130703,196480
2014,GEORGIA,11,REPUBLICAN,161532,161532
2014,GEORGIA,12,REPUBLICAN,91336,166814
2014,GEORGIA,13,DEMOCRAT,159445,159445
2014,GEORGIA,14,REPUBLICAN,118782,118782
2014,HAWAII,1,DEMOCRAT,93390,182268
2014,HAWAII,2,DEMOCRAT,142010,187435
2014,IDAHO,1,REPUBLICAN,143580,220864
2014,IDAHO,2,REPUBLICAN,131492,214293
2014,ILLINOIS,1,DEMOCRAT,162268,222017
2014,ILLINOIS,2,DEMOCRAT,160337,204266
2014,ILLINOIS,3,DEMOCRAT,116764,180855
2014,ILLINOIS,4,DEMOCRAT,79666,101944
2014,ILLINOIS,5,DEMOCRAT,116364,184019
2014,ILLINOIS,6,REPUBLICAN,160287,238752
2014,ILLINOIS,7,DEMOCRAT,155110,182278
2014,ILLINOIS,8,DEMOCRAT,84178,151056
2014,ILLINOIS,9,DEMOCRAT,141000,213450
2014,ILLINOIS,10,REPUBLICAN,95992,187128
2014,ILLINOIS,11,DEMOCRAT,93436,174772
2014,ILLINOIS,12,REPUBLICAN,110038,209738
2014,ILLINOIS,13,REPUBLICAN,123337,210272
2014,ILLINOIS,14,REPUBLICAN,145369,222230
2014,ILLINOIS,15,REPUBLICAN,166274,221926
2014,ILLINOIS,16,REPUBLICAN,153388,217198
2014,ILLINOIS,17,DEMOCRAT,110560,199361
2014,ILLINOIS,18,REPUBLICAN,184363,246740
2014,INDIANA,1,DEMOCRAT,86579,142293
2014,INDIANA,2,REPUBLICAN,85583,145200
2014,INDIANA,3,REPUBLICAN,97892,148793
2014,INDIANA,4,REPUBLICAN,94998,142054
2014,INDIANA,5,REPUBLICAN,105277,161440
2014,INDIANA,6,REPUBLICAN,102187,155071
2014,INDIANA,7,DEMOCRAT,61443,112261
2014,INDIANA,8,REPUBLICAN,103344,171315
2014,INDIANA,9,REPUBLICAN,101594,163387
2014,IOWA,1,REPUBLICAN,147762,289306
2014,IOWA,2,DEMOCRAT,143431,273329
2014,IOWA,3,REPUBLICAN,148814,282066
2014,IOWA,4,REPUBLICAN,169834,275633
2014,KANSAS,1,REPUBLICAN,138764,204161
2014,KANSAS,2,REPUBLICAN,128742,225686
2014,KANSAS,3,REPUBLICAN,134493,224077
2014,KANSAS,4,REPUBLICAN,138757,208153
2014,KENTUCKY,1,REPUBLICAN,173022,236618
2014,KENTUCKY,2,REPUBLICAN,156936,226834
2014,KENTUCKY,3,DEMOCRAT,157056,247355
2014,KENTUCKY,4,REPUBLICAN,150464,222158
2014,KENTUCKY,5,REPUBLICAN,171350,218967
2014,KENTUCKY,6,REPUBLICAN,147404,245694
2014,LOUISIANA,1,REPUBLICAN,189250,244004
2014,LOUISIANA,2,DEMOCRAT,152201,221570
2014,LOUISIANA,3,REPUBLICAN,185867,236268
2014,LOUISIANA,4,REPUBLICAN,152683,207919
2014,LOUISIANA,5,REPUBLICAN,134616,326073
2014,LOUISIANA,6,REPUBLICAN,139209,332888
2014,MAINE,1,DEMOCRAT,186674,321987
2014,MAINE,2,REPUBLICAN,133320,295009
2014,MARYLAND,1,REPUBLICAN,176342,250418
2014,MARYLAND,2,DEMOCRAT,120412,196354
2014,MARYLAND,3,DEMOCRAT,128594,215946
2014,MARYLAND,4,DEMOCRAT,134628,191837
2014,MARYLAND,5,DEMOCRAT,144725,226040
2014,MARYLAND,6,DEMOCRAT,94704,190536
2014,MARYLAND,7,DEMOCRAT,144639,206809
2014,MARYLAND,8,DEMOCRAT,136722,225097
2014,MASSACHUSETTS,1,DEMOCRAT,167612,227075
2014,MASSACHUSETTS,2,DEMOCRAT,169640,235813
2014,MASSACHUSETTS,3,DEMOCRAT,139104,230789
2014,MASSACHUSETTS,4,DEMOCRAT,184158,255297
2014,MASSACHUSETTS,5,DEMOCRAT,182100,256486
2014,MASSACHUSETTS,6,DEMOCRAT,149638,278919
2014,MASSACHUSETTS,7,DEMOCRAT,142133,176077
2014,MASSACHUSETTS,8,DEMOCRAT,200644,261781
2014,MASSACHUSETTS,9,DEMOCRAT,140413,264552
2014,MICHIGAN,1,REPUBLICAN,130414,250131
2014,MICHIGAN,2,REPUBLICAN,135568,213072
2014,MICHIGAN,3,REPUBLICAN,125754,217165
2014,MICHIGAN,4,REPUBLICAN,123962,219423
2014,MICHIGAN,5,DEMOCRAT,148182,222138
2014,MICHIGAN,6,REPUBLICAN,116801,208976
2014,MICHIGAN,7,REPUBLICAN,119564,223685
2014,MICHIGAN,8,REPUBLICAN,132739,243125
2014,MICHIGAN,9,DEMOCRAT,136342,225757
2014,MICHIGAN,10,REPUBLICAN,157069,228692
2014,MICHIGAN,11,REPUBLICAN,140435,251238
2014,MICHIGAN,12,DEMOCRAT,134346,206660
2014,MICHIGAN,13,DEMOCRAT,132710,166947
2014,MICHIGAN,14,DEMOCRAT,165272,212468
2014,MINNESOTA,1,DEMOCRAT,122851,226695
2014,MINNESOTA,2,REPUBLICAN,137778,245848
2014,MINNESOTA,3,REPUBLICAN,167515,269585
2014,MINNESOTA,4,DEMOCRAT,147857,241637
2014,MINNESOTA,5,DEMOCRAT,167079,236010
2014,MINNESOTA,6,REPUBLICAN,133328,236846
2014,MINNESOTA,7,DEMOCRAT,130546,240835
2014,MINNESOTA,8,DEMOCRAT,129090,266083
2014,MISSISSIPPI,1,REPUBLICAN,102622,151111
2014,MISSISSIPPI,2,DEMOCRAT,100688,148646
2014,MISSISSIPPI,3,REPUBLICAN,117771,170946
2014,MISSISSIPPI,4,REPUBLICAN,108776,155576
2014,MISSOURI,1,DEMOCRAT,119315,163494
2014,MISSOURI,2,REPUBLICAN,148191,231117
2014,MISSOURI,3,REPUBLICAN,130940,191620
2014,MISSOURI,4,REPUBLICAN,120014,176286
2014,MISSOURI,5,DEMOCRAT,79256,153635
2014,MISSOURI,6,REPUBLICAN,124616,186970
2014,MISSOURI,7,REPUBLICAN,104054,163957
2014,MISSOURI,8,REPUBLICAN,106124,159224
2014,NEBRASKA,1,REPUBLICAN,123219,179057
2014,NEBRASKA,2,DEMOCRAT,83872,171509
2014,NEBRASKA,3,REPUBLICAN,139440,184964
2014,NEVADA,1,DEMOCRAT,45643,80299
2014,NEVADA,2,REPUBLICAN,122402,186210
2014,NEVADA,3,REPUBLICAN,88528,145719
2014,NEVADA,4,REPUBLICAN,63466,130781
2014,NEW HAMPSHIRE,1,REPUBLICAN,125508,242736
2014,NEW HAMPSHIRE,2,DEMOCRAT,130700,238184
2014,NEW JERSEY,1,DEMOCRAT,93315,162492
2014,NEW JERSEY,2,REPUBLICAN,108875,177148
2014,NEW JERSEY,3,REPUBLICAN,100471,186103
2014,NEW JERSEY,4,REPUBLICAN,118826,174849
2014,NEW JERSEY,5,REPUBLICAN,104678,188921
2014,NEW JERSEY,6,DEMOCRAT,72190,120457
2014,NEW JERSEY,7,REPUBLICAN,104287,175997
2014,NEW JERSEY,8,DEMOCRAT,61510,79518
2014,NEW JERSEY,9,DEMOCRAT,82498,120459
2014,NEW JERSEY,10,DEMOCRAT,95734,112123
2014,NEW JERSEY,11,REPUBLICAN,109455,174932
2014,NEW JERSEY,12,DEMOCRAT,90430,148366
2014,NEW MEXICO,1,DEMOCRAT,105474,180032
2014,NEW MEXICO,2,REPUBLICAN,95209,147777
2014,NEW MEXICO,3,DEMOCRAT,113249,184076
2014,NEW YORK,1,REPUBLICAN,77062,176719
2014,NEW YORK,2,REPUBLICAN,76659,146617
2014,NEW YORK,3,DEMOCRAT,80393,171163
2014,NEW YORK,4,DEMOCRAT,83772,175305
2014,NEW YORK,5,DEMOCRAT,75712,94400
2014,NEW YORK,6,DEMOCRAT,49227,77306
2014,NEW YORK,7,DEMOCRAT,47142,68522
2014,NEW YORK,8,DEMOCRAT,70469,95113
2014,NEW YORK,9,DEMOCRAT,70997,101606
2014,NEW YORK,10,DEMOCRAT,73945,113226
2014,NEW YORK,11,REPUBLICAN,48291,110999
2014,NEW YORK,12,DEMOCRAT,78440,117420
2014,NEW YORK,13,DEMOCRAT,63437,91834
2014,NEW YORK,14,DEMOCRAT,45370,67372
2014,NEW YORK,15,DEMOCRAT,53128,61268
2014,NEW YORK,16,DEMOCRAT,90088,138655
2014,NEW YORK,17,DEMOCRAT,89295,181674
2014,NEW YORK,18,DEMOCRAT,76235,186715
2014,NEW YORK,19,REPUBLICAN,102118,210351
2014,NEW YORK,20,DEMOCRAT,103437,211965
2014,NEW YORK,21,REPUBLICAN,79615,181558
2014,NEW YORK,22,REPUBLICAN,113574,175372
2014,NEW YORK,23,REPUBLICAN,94375,190554
2014,NEW YORK,24,REPUBLICAN,93881,203417
2014,NEW YORK,25,DEMOCRAT,87264,196516
2014,NEW YORK,26,DEMOCRAT,100648,173911
2014,NEW YORK,27,REPUBLICAN,109171,215147
2014,NORTH CAROLINA,1,DEMOCRAT,154333,210323
2014,NORTH CAROLINA,2,REPUBLICAN,122128,207607
2014,NORTH CAROLINA,3,REPUBLICAN,139415,205597
2014,NORTH CAROLINA,4,DEMOCRAT,169946,227362
2014,NORTH CAROLINA,5,REPUBLICAN,139279,228252
2014,NORTH CAROLINA,6,REPUBLICAN,147312,251070
2014,NORTH CAROLINA,7,REPUBLICAN,134431,226504
2014,NORTH CAROLINA,8,REPUBLICAN,121568,187422
2014,NORTH CAROLINA,9,REPUBLICAN,163080,173668
2014,NORTH CAROLINA,10,REPUBLICAN,133504,218796
2014,NORTH CAROLINA,11,REPUBLICAN,144682,230024
2014,NORTH CAROLINA,12,DEMOCRAT,130096,172664
2014,NORTH CAROLINA,13,REPUBLICAN,153991,268709
2014,OHIO,1,REPUBLICAN,124779,197383
2014,OHIO,2,REPUBLICAN,132658,201111
2014,OHIO,3,DEMOCRAT,91769,143261
2014,OHIO,4,REPUBLICAN,125907,186072
2014,OHIO,5,REPUBLICAN,134449,202300
2014,OHIO,6,REPUBLICAN,111026,190652
2014,OHIO,7,REPUBLICAN,143959,143959
2014,OHIO,8,REPUBLICAN,126539,188330
2014,OHIO,9,DEMOCRAT,108870,160715
2014,OHIO,10,REPUBLICAN,130752,200606
2014,OHIO,11,DEMOCRAT,137105,172566
2014,OHIO,12,REPUBLICAN,150573,221081
2014,OHIO,13,DEMOCRAT,120230,175549
2014,OHIO,14,REPUBLICAN,135736,214580
2014,OHIO,15,REPUBLICAN,128496,194621
2014,OHIO,16,REPUBLICAN,132176,207375
2014,OKLAHOMA,1,REPUBLICAN,1,1
2014,OKLAHOMA,2,REPUBLICAN,110925,158407
2014,OKLAHOMA,3,REPUBLICAN,133335,169605
2014,OKLAHOMA,4,REPUBLICAN,117721,166268
2014,OKLAHOMA,5,REPUBLICAN,95632,159133
2014,OREGON,1,DEMOCRAT,160038,279253
2014,OREGON,2,REPUBLICAN,202374,287425
2014,OREGON,3,DEMOCRAT,211748,292757
2014,OREGON,4,DEMOCRAT,181624,310179
2014,OREGON,5,DEMOCRAT,150944,281088
2014,PENNSYLVANIA,1,DEMOCRAT,131248,158441
2014,PENNSYLVANIA,2,DEMOCRAT,181141,206538
2014,PENNSYLVANIA,3,REPUBLICAN,113859,187790
2014,PENNSYLVANIA,4,REPUBLICAN,147090,197340
2014,PENNSYLVANIA,5,REPUBLICAN,115018,180857
2014,PENNSYLVANIA,6,REPUBLICAN,119643,212544
2014,PENNSYLVANIA,7,REPUBLICAN,145869,235125
2014,PENNSYLVANIA,8,REPUBLICAN,137731,222498
2014,PENNSYLVANIA,9,REPUBLICAN,110094,173317
2014,PENNSYLVANIA,10,REPUBLICAN,112851,180322
2014,PENNSYLVANIA,11,REPUBLICAN,122464,184692
2014,PENNSYLVANIA,12,REPUBLICAN,127993,215921
2014,PENNSYLVANIA,13,DEMOCRAT,123601,184150
2014,PENNSYLVANIA,14,DEMOCRAT,148351,148351
2014,PENNSYLVANIA,15,REPUBLICAN,128285,128285
2014,PENNSYLVANIA,16,REPUBLICAN,101722,176235
2014,PENNSYLVANIA,17,DEMOCRAT,93680,165051
2014,PENNSYLVANIA,18,REPUBLICAN,166076,166076
2014,RHODE ISLAND,1,DEMOCRAT,87060,146353
2014,RHODE ISLAND,2,DEMOCRAT,105716,169904
2014,SOUTH CAROLINA,1,REPUBLICAN,119392,127815
2014,SOUTH CAROLINA,2,REPUBLICAN,121649,194808
2014,SOUTH CAROLINA,3,REPUBLICAN,116741,164009
2014,SOUTH CAROLINA,4,REPUBLICAN,126452,149049
2014,SOUTH CAROLINA,5,REPUBLICAN,103078,175145
2014,SOUTH CAROLINA,6,DEMOCRAT,125747,173432
2014,SOUTH CAROLINA,7,REPUBLICAN,102833,171524
2014,TENNESSEE,1,REPUBLICAN,115533,139470
2014,TENNESSEE,2,REPUBLICAN,120883,166751
2014,TENNESSEE,3,REPUBLICAN,97344,156097
2014,TENNESSEE,4,REPUBLICAN,84815,145418
2014,TENNESSEE,5,DEMOCRAT,96148,154276
2014,TENNESSEE,6,REPUBLICAN,115231,162097
2014,TENNESSEE,7,REPUBLICAN,110534,157907
2014,TENNESSEE,8,REPUBLICAN,122255,172595
2014,TENNESSEE,9,DEMOCRAT,87376,116550
2014,TEXAS,1,REPUBLICAN,115084,148560
2014,TEXAS,2,REPUBLICAN,101936,150026
2014,TEXAS,3,REPUBLICAN,113404,138280
2014,TEXAS,4,REPUBLICAN,115085,115085
2014,TEXAS,5,REPUBLICAN,88998,104262
2014,TEXAS,6,REPUBLICAN,92334,150996
2014,TEXAS,7,REPUBLICAN,90606,143219
2014,TEXAS,8,REPUBLICAN,125066,140013
2014,TEXAS,9,DEMOCRAT,78109,86003
2014,TEXAS,10,REPUBLICAN,109726,176460
2014,TEXAS,11,REPUBLICAN,107939,119574
2014,TEXAS,12,REPUBLICAN,113186,158730
2014,TEXAS,13,REPUBLICAN,110842,131451
2014,TEXAS,14,REPUBLICAN,90116,145698
2014,TEXAS,15,DEMOCRAT,48708,90184
2014,TEXAS,16,DEMOCRAT,49338,73105
2014,TEXAS,17,REPUBLICAN,85807,132865
2014,TEXAS,18,DEMOCRAT,76097,106010
2014,TEXAS,19,REPUBLICAN,90160,116818
2014,TEXAS,20,DEMOCRAT,66554,87964
2014,TEXAS,21,REPUBLICAN,135660,188996
2014,TEXAS,22,REPUBLICAN,100861,151566
2014,TEXAS,23,REPUBLICAN,57459,115429
2014,TEXAS,24,REPUBLICAN,93712,144073
2014,TEXAS,25,REPUBLICAN,107120,177883
2014,TEXAS,26,REPUBLICAN,116944,141470
2014,TEXAS,27,REPUBLICAN,83342,131047
2014,TEXAS,28,DEMOCRAT,62508,76136
2014,TEXAS,29,DEMOCRAT,41321,46143
2014,TEXAS,30,DEMOCRAT,93041,105793
2014,TEXAS,31,REPUBLICAN,91607,143028
2014,TEXAS,32,REPUBLICAN,96495,156096
2014,TEXAS,33,DEMOCRAT,43769,50592
2014,TEXAS,34,DEMOCRAT,47503,79877
2014,TEXAS,35,DEMOCRAT,60124,96225
2014,TEXAS,36,REPUBLICAN,101663,133842
2014,UTAH,1,REPUBLICAN,84231,130034
2014,UTAH,2,REPUBLICAN,88915,146188
2014,UTAH,3,REPUBLICAN,102952,142580
2014,UTAH,4,REPUBLICAN,74936,147168
2014,VIRGINIA,1,REPUBLICAN,131861,209621
2014,VIRGINIA,2,REPUBLICAN,101558,173060
2014,VIRGINIA,3,DEMOCRAT,139197,147402
2014,VIRGINIA,4,REPUBLICAN,120684,200638
2014,VIRGINIA,5,REPUBLICAN,124735,204945
2014,VIRGINIA,6,REPUBLICAN,133898,179708
2014,VIRGINIA,7,REPUBLICAN,148026,243351
2014,VIRGINIA,8,DEMOCRAT,128102,203076
2014,VIRGINIA,9,REPUBLICAN,117465,162815
2014,VIRGINIA,10,REPUBLICAN,125914,222910
2014,VIRGINIA,11,DEMOCRAT,106780,187805
2014,WASHINGTON,1,DEMOCRAT,124151,225579
2014,WASHINGTON,2,DEMOCRAT,122173,201691
2014,WASHINGTON,3,REPUBLICAN,124796,202814
2014,WASHINGTON,4,REPUBLICAN,77772,153079
2014,WASHINGTON,5,REPUBLICAN,135470,223242
2014,WASHINGTON,6,DEMOCRAT,141265,224290
2014,WASHINGTON,7,DEMOCRAT,203954,251875
2014,WASHINGTON,8,REPUBLICAN,125741,198744
2014,WASHINGTON,9,DEMOCRAT,118132,166794
2014,WASHINGTON,10,DEMOCRAT,99279,181492
2014,WEST VIRGINIA,1,REPUBLICAN,92491,144737
2014,WEST VIRGINIA,2,REPUBLICAN,72619,154250
2014,WEST VIRGINIA,3,REPUBLICAN,77713,140401
2014,WISCONSIN,1,REPUBLICAN,182316,288170
2014,WISCONSIN,2,DEMOCRAT,224920,328847
2014,WISCONSIN,3,DEMOCRAT,155368,275161
2014,WISCONSIN,4,DEMOCRAT,179045,254892
2014,WISCONSIN,5,REPUBLICAN,231160,332826
2014,WISCONSIN,6,REPUBLICAN,169767,299033
2014,WISCONSIN,7,REPUBLICAN,169891,286603
2014,WISCONSIN,8,REPUBLICAN,188553,290048
2016,ALABAMA,1,REPUBLICAN,208083,215893
2016,ALABAMA,2,REPUBLICAN,134886,276584
2016,ALABAMA,3,REPUBLICAN,192164,287104
2016,ALABAMA,4,REPUBLICAN,235925,239444
2016,ALABAMA,5,REPUBLICAN,205647,308326
2016,ALABAMA,6,REPUBLICAN,245313,329306
2016,ALABAMA,7,DEMOCRAT,229330,233028
2016,ARIZONA,1,DEMOCRAT,142219,280710
2016,ARIZONA,2,REPUBLICAN,179806,315679
2016,ARIZONA,3,DEMOCRAT,148973,151035
2016,ARIZONA,4,REPUBLICAN,203487,284783
2016,ARIZONA,5,REPUBLICAN,205184,320124
2016,ARIZONA,6,REPUBLICAN,201578,324444
2016,ARIZONA,7,DEMOCRAT,119465,158811
2016,ARIZONA,8,REPUBLICAN,204942,298971
2016,ARIZONA,9,DEMOCRAT,169055,277507
2016,ARKANSAS,1,REPUBLICAN,183866,241047
2016,ARKANSAS,2,REPUBLICAN,176472,302464
2016,ARKANSAS,3,REPUBLICAN,217192,280907
2016,ARKANSAS,4,REPUBLICAN,182885,244159
2016,CALIFORNIA,1,REPUBLICAN,185448,314036
2016,CALIFORNIA,2,DEMOCRAT,254194,330766
2016,CALIFORNIA,3,DEMOCRAT,152513,256966
2016,CALIFORNIA,4,REPUBLICAN,220133,350978
2016,CALIFORNIA,5,DEMOCRAT,224526,292091
2016,CALIFORNIA,6,DEMOCRAT,177565,235413
2016,CALIFORNIA,7,DEMOCRAT,152133,297301
2016,CALIFORNIA,8,REPUBLICAN,136972,220007
2016,CALIFORNIA,9,DEMOCRAT,133163,232155
2016,CALIFORNIA,10,REPUBLICAN,124671,241141
2016,CALIFORNIA,11,DEMOCRAT,214868,298209
2016,CALIFORNIA,12,DEMOCRAT,274035,338845
2016,CALIFORNIA,13,DEMOCRAT,293117,322871
2016,CALIFORNIA,14,DEMOCRAT,231630,286447
2016,CALIFORNIA,15,DEMOCRAT,198578,269197
2016,CALIFORNIA,16,DEMOCRAT,97473,167956
2016,CALIFORNIA,17,DEMOCRAT,142268,233192
2016,CALIFORNIA,18,DEMOCRAT,230460,323930
2016,CALIFORNIA,19,DEMOCRAT,181802,245863
2016,CALIFORNIA,20,DEMOCRAT,180980,255791
2016,CALIFORNIA,21,REPUBLICAN,75126,132408
2016,CALIFORNIA,22,REPUBLICAN,158755,234966
2016,CALIFORNIA,23,REPUBLICAN,167116,241584
2016,CALIFORNIA,24,DEMOCRAT,166034,310814
2016,CALIFORNIA,25,REPUBLICAN,138755,261161
2016,CALIFORNIA,26,DEMOCRAT,169248,280307
2016,CALIFORNIA,27,DEMOCRAT,168977,250632
2016,CALIFORNIA,28,DEMOCRAT,210883,270409
2016,CALIFORNIA,29,DEMOCRAT,128407,171824
2016,CALIFORNIA,30,DEMOCRAT,205279,282604
2016,CALIFORNIA,31,DEMOCRAT,121070,215936
2016,CALIFORNIA,32,DEMOCRAT,114926,186646
2016,CALIFORNIA,33,DEMOCRAT,219397,330219
2016,CALIFORNIA,34,DEMOCRAT,122842,159156
2016,CALIFORNIA,35,DEMOCRAT,124044,171353
2016,CALIFORNIA,36,DEMOCRAT,144348,232617
2016,CALIFORNIA,37,DEMOCRAT,192490,237272
2016,CALIFORNIA,38,DEMOCRAT,163590,232114
2016,CALIFORNIA,39,REPUBLICAN,150777,263456
2016,CALIFORNIA,40,DEMOCRAT,106554,149297
2016,CALIFORNIA,41,DEMOCRAT,128164,197323
2016,CALIFORNIA,42,REPUBLICAN,149547,254236
2016,CALIFORNIA,43,DEMOCRAT,167017,219516
2016,CALIFORNIA,44,DEMOCRAT,93124,178413
2016,CALIFORNIA,45,REPUBLICAN,182618,311849
2016,CALIFORNIA,46,DEMOCRAT,115248,164593
2016,CALIFORNIA,47,DEMOCRAT,154759,242868
2016,CALIFORNIA,48,REPUBLICAN,178701,306416
2016,CALIFORNIA,49,REPUBLICAN,155888,310155
2016,CALIFORNIA,50,REPUBLICAN,179937,283583
2016,CALIFORNIA,51,DEMOCRAT,145162,199524
2016,CALIFORNIA,52,DEMOCRAT,181253,320656
2016,CALIFORNIA,53,DEMOCRAT,198988,296956
2016,COLORADO,1,DEMOCRAT,257254,379036
2016,COLORADO,2,DEMOCRAT,260175,457312
2016,COLORADO,3,REPUBLICAN,204220,374037
2016,COLORADO,4,REPUBLICAN,248230,390633
2016,COLORADO,5,REPUBLICAN,225445,361993
2016,COLORADO,6,REPUBLICAN,191626,376417
2016,COLORADO,7,DEMOCRAT,199758,362010
2016,CONNECTICUT,1,DEMOCRAT,187021,312925
2016,CONNECTICUT,2,DEMOCRAT,186210,330257
2016,CONNECTICUT,3,DEMOCRAT,192274,309379
2016,CONNECTICUT,4,DEMOCRAT,187811,313540
2016,CONNECTICUT,5,DEMOCRAT,163499,309082
2016,FLORIDA,1,REPUBLICAN,255107,369186
2016,FLORIDA,2,REPUBLICAN,231163,343362
2016,FLORIDA,3,REPUBLICAN,193843,342700
2016,FLORIDA,4,REPUBLICAN,287509,409662
2016,FLORIDA,5,DEMOCRAT,194549,302874
2016,FLORIDA,6,REPUBLICAN,213519,364570
2016,FLORIDA,7,DEMOCRAT,182039,353655
2016,FLORIDA,8,REPUBLICAN,246483,390561
2016,FLORIDA,9,DEMOCRAT,195311,339761
2016,FLORIDA,10,DEMOCRAT,198491,305989
2016,FLORIDA,11,REPUBLICAN,258016,394719
2016,FLORIDA,12,REPUBLICAN,253559,369669
2016,FLORIDA,13,DEMOCRAT,184693,355842
2016,FLORIDA,14,DEMOCRAT,195789,316877
2016,FLORIDA,15,REPUBLICAN,182999,318474
2016,FLORIDA,16,REPUBLICAN,230654,385916
2016,FLORIDA,17,REPUBLICAN,209348,338675
2016,FLORIDA,18,REPUBLICAN,201488,375918
2016,FLORIDA,19,REPUBLICAN,239225,363166
2016,FLORIDA,20,DEMOCRAT,222914,277560
2016,FLORIDA,21,DEMOCRAT,210606,335861
2016,FLORIDA,22,DEMOCRAT,199113,337850
2016,FLORIDA,23,DEMOCRAT,183225,323120
2016,FLORIDA,24,DEMOCRAT,0,0
2016,FLORIDA,25,REPUBLICAN,157921,253240
2016,FLORIDA,26,REPUBLICAN,148547,280542
2016,FLORIDA,27,REPUBLICAN,157917,287677
2016,GEORGIA,1,REPUBLICAN,210243,211112
2016,GEORGIA,2,DEMOCRAT,148543,242599
2016,GEORGIA,3,REPUBLICAN,207218,303187
2016,GEORGIA,4,DEMOCRAT,220146,290739
2016,GEORGIA,5,DEMOCRAT,253781,300549
2016,GEORGIA,6,REPUBLICAN,201088,326005
2016,GEORGIA,7,REPUBLICAN,174081,288301
2016,GEORGIA,8,REPUBLICAN,173983,257208
2016,GEORGIA,9,REPUBLICAN,256535,256535
2016,GEORGIA,10,REPUBLICAN,243725,244821
2016,GEORGIA,11,REPUBLICAN,217935,323318
2016,GEORGIA,12,REPUBLICAN,159492,258912
2016,GEORGIA,13,DEMOCRAT,252833,252833
2016,GEORGIA,14,REPUBLICAN,216743,216743
2016,HAWAII,1,DEMOCRAT,145417,213531
2016,HAWAII,2,DEMOCRAT,170848,224133
2016,IDAHO,1,REPUBLICAN,242252,355357
2016,IDAHO,2,REPUBLICAN,205292,326237
2016,ILLINOIS,1,DEMOCRAT,234037,315862
2016,ILLINOIS,2,DEMOCRAT,235051,294522
2016,ILLINOIS,3,DEMOCRAT,225320,225411
2016,ILLINOIS,4,DEMOCRAT,171297,171297
2016,ILLINOIS,5,DEMOCRAT,212842,313724
2016,ILLINOIS,6,REPUBLICAN,208555,352146
2016,ILLINOIS,7,DEMOCRAT,250584,297466
2016,ILLINOIS,8,DEMOCRAT,144954,248571
2016,ILLINOIS,9,DEMOCRAT,217306,326948
2016,ILLINOIS,10,DEMOCRAT,150435,285996
2016,ILLINOIS,11,DEMOCRAT,166578,275573
2016,ILLINOIS,12,REPUBLICAN,169976,313002
2016,ILLINOIS,13,REPUBLICAN,187583,314394
2016,ILLINOIS,14,REPUBLICAN,200508,338097
2016,ILLINOIS,15,REPUBLICAN,274554,274554
2016,ILLINOIS,16,REPUBLICAN,259722,259853
2016,ILLINOIS,17,DEMOCRAT,173125,287068
2016,ILLINOIS,18,REPUBLICAN,250506,347283
2016,INDIANA,1,DEMOCRAT,207515,254583
2016,INDIANA,2,REPUBLICAN,164355,277357
2016,INDIANA,3,REPUBLICAN,201396,287247
2016,INDIANA,4,REPUBLICAN,193412,299434
2016,INDIANA,5,REPUBLICAN,221957,361135
2016,INDIANA,6,REPUBLICAN,204920,296385
2016,INDIANA,7,DEMOCRAT,158739,264670
2016,INDIANA,8,REPUBLICAN,187702,294713
2016,INDIANA,9,REPUBLICAN,174791,322843
2016,IOWA,1,REPUBLICAN,206903,384977
2016,IOWA,2,DEMOCRAT,198571,370032
2016,IOWA,3,REPUBLICAN,208598,390287
2016,IOWA,4,REPUBLICAN,226719,370259
2016,KANSAS,1,REPUBLICAN,169992,257971
2016,KANSAS,2,REPUBLICAN,181228,297401
2016,KANSAS,3,REPUBLICAN,176022,343113
2016,KANSAS,4,REPUBLICAN,166998,275251
2016,KENTUCKY,1,REPUBLICAN,216959,299001
2016,KENTUCKY,2,REPUBLICAN,251825,251825
2016,KENTUCKY,3,DEMOCRAT,212401,334494
2016,KENTUCKY,4,REPUBLICAN,233922,327987
2016,KENTUCKY,5,REPUBLICAN,221242,221242
2016,KENTUCKY,6,REPUBLICAN,202099,330827
2016,LOUISIANA,1,REPUBLICAN,243645,326788
2016,LOUISIANA,2,DEMOCRAT,198289,284269
2016,LOUISIANA,3,REPUBLICAN,77671,282443
2016,LOUISIANA,4,REPUBLICAN,87370,268761
2016,LOUISIANA,5,REPUBLICAN,208545,255662
2016,LOUISIANA,6,REPUBLICAN,207483,331098
2016,MAINE,1,DEMOCRAT,227546,406942
2016,MAINE,2,REPUBLICAN,192878,364886
2016,MARYLAND,1,REPUBLICAN,242574,362097
2016,MARYLAND,2,DEMOCRAT,192183,309480
2016,MARYLAND,3,DEMOCRAT,214640,339675
2016,MARYLAND,4,DEMOCRAT,237501,320650
2016,MARYLAND,5,DEMOCRAT,242989,360634
2016,MARYLAND,6,DEMOCRAT,185770,331973
2016,MARYLAND,7,DEMOCRAT,238838,318912
2016,MARYLAND,8,DEMOCRAT,220657,364324
2016,MASSACHUSETTS,1,DEMOCRAT,235803,349676
2016,MASSACHUSETTS,2,DEMOCRAT,275487,363197
2016,MASSACHUSETTS,3,DEMOCRAT,236713,360124
2016,MASSACHUSETTS,4,DEMOCRAT,265823,395304
2016,MASSACHUSETTS,5,DEMOCRAT,285606,385455
2016,MASSACHUSETTS,6,DEMOCRAT,308923,415749
2016,MASSACHUSETTS,7,DEMOCRAT,253354,309645
2016,MASSACHUSETTS,8,DEMOCRAT,271019,396009
2016,MASSACHUSETTS,9,DEMOCRAT,211790,403642
2016,MICHIGAN,1,REPUBLICAN,197777,360271
2016,MICHIGAN,2,REPUBLICAN,212508,339328
2016,MICHIGAN,3,REPUBLICAN,203545,342365
2016,MICHIGAN,4,REPUBLICAN,194572,315751
2016,MICHIGAN,5,DEMOCRAT,195279,319291
2016,MICHIGAN,6,REPUBLICAN,193259,329565
2016,MICHIGAN,7,REPUBLICAN,184321,334807
2016,MICHIGAN,8,REPUBLICAN,205629,366968
2016,MICHIGAN,9,DEMOCRAT,199661,344775
2016,MICHIGAN,10,REPUBLICAN,215132,340983
2016,MICHIGAN,11,REPUBLICAN,200872,379488
2016,MICHIGAN,12,DEMOCRAT,211378,328542
2016,MICHIGAN,13,DEMOCRAT,198771,257797
2016,MICHIGAN,14,DEMOCRAT,244135,310974
2016,MINNESOTA,1,DEMOCRAT,169071,335873
2016,MINNESOTA,2,REPUBLICAN,173970,370515
2016,MINNESOTA,3,REPUBLICAN,223075,393457
2016,MINNESOTA,4,DEMOCRAT,203299,351945
2016,MINNESOTA,5,DEMOCRAT,249957,361875
2016,MINNESOTA,6,REPUBLICAN,235385,358930
2016,MINNESOTA,7,DEMOCRAT,173572,330823
2016,MINNESOTA,8,DEMOCRAT,179097,356971
2016,MISSISSIPPI,1,REPUBLICAN,206455,300423
2016,MISSISSIPPI,2,DEMOCRAT,192343,286626
2016,MISSISSIPPI,3,REPUBLICAN,209490,316445
2016,MISSISSIPPI,4,REPUBLICAN,181323,278779
2016,MISSOURI,1,DEMOCRAT,236993,314024
2016,MISSOURI,2,REPUBLICAN,241954,413296
2016,MISSOURI,3,REPUBLICAN,249865,368333
2016,MISSOURI,4,REPUBLICAN,225348,332234
2016,MISSOURI,5,DEMOCRAT,190766,324270
2016,MISSOURI,6,REPUBLICAN,238388,350444
2016,MISSOURI,7,REPUBLICAN,228692,338607
2016,MISSOURI,8,REPUBLICAN,229792,308871
2016,NEBRASKA,1,REPUBLICAN,189771,273238
2016,NEBRASKA,2,REPUBLICAN,141066,288308
2016,NEBRASKA,3,REPUBLICAN,226720,226720
2016,NEVADA,1,DEMOCRAT,116537,188352
2016,NEVADA,2,REPUBLICAN,182676,313336
2016,NEVADA,3,DEMOCRAT,146869,310963
2016,NEVADA,4,DEMOCRAT,128985,265846
2016,NEW HAMPSHIRE,1,DEMOCRAT,162080,365984
2016,NEW HAMPSHIRE,2,DEMOCRAT,174371,350509
2016,NEW JERSEY,1,DEMOCRAT,183231,305473
2016,NEW JERSEY,2,REPUBLICAN,176338,297795
2016,NEW JERSEY,3,REPUBLICAN,194596,328060
2016,NEW JERSEY,4,REPUBLICAN,211992,332684
2016,NEW JERSEY,5,DEMOCRAT,172587,337701
2016,NEW JERSEY,6,DEMOCRAT,167895,263435
2016,NEW JERSEY,7,REPUBLICAN,185850,343635
2016,NEW JERSEY,8,DEMOCRAT,134733,174889
2016,NEW JERSEY,9,DEMOCRAT,162642,233242
2016,NEW JERSEY,10,DEMOCRAT,190856,222771
2016,NEW JERSEY,11,REPUBLICAN,194299,334992
2016,NEW JERSEY,12,DEMOCRAT,181430,288634
2016,NEW MEXICO,1,DEMOCRAT,181088,277967
2016,NEW MEXICO,2,REPUBLICAN,143515,228817
2016,NEW MEXICO,3,DEMOCRAT,170612,273342
2016,NEW YORK,1,REPUBLICAN,158409,341554
2016,NEW YORK,2,REPUBLICAN,157571,317552
2016,NEW YORK,3,DEMOCRAT,171775,350966
2016,NEW YORK,4,DEMOCRAT,181861,343179
2016,NEW YORK,5,DEMOCRAT,197852,249236
2016,NEW YORK,6,DEMOCRAT,131463,210378
2016,NEW YORK,7,DEMOCRAT,165819,206983
2016,NEW YORK,8,DEMOCRAT,203235,257602
2016,NEW YORK,9,DEMOCRAT,198886,256853
2016,NEW YORK,10,DEMOCRAT,180117,266516
2016,NEW YORK,11,REPUBLICAN,122606,251718
2016,NEW YORK,12,DEMOCRAT,230153,312289
2016,NEW YORK,13,DEMOCRAT,207194,255239
2016,NEW YORK,14,DEMOCRAT,138367,197301
2016,NEW YORK,15,DEMOCRAT,165688,193703
2016,NEW YORK,16,DEMOCRAT,198811,287556
2016,NEW YORK,17,DEMOCRAT,193819,325571
2016,NEW YORK,18,DEMOCRAT,140951,319123
2016,NEW YORK,19,REPUBLICAN,135905,326588
2016,NEW YORK,20,DEMOCRAT,188428,332499
2016,NEW YORK,21,REPUBLICAN,152597,288611
2016,NEW YORK,22,REPUBLICAN,113287,296086
2016,NEW YORK,23,REPUBLICAN,136964,296198
2016,NEW YORK,24,REPUBLICAN,150330,315429
2016,NEW YORK,25,DEMOCRAT,168660,336386
2016,NEW YORK,26,DEMOCRAT,195322,310819
2016,NEW YORK,27,REPUBLICAN,175509,354426
2016,NORTH CAROLINA,1,DEMOCRAT,240661,350699
2016,NORTH CAROLINA,2,REPUBLICAN,221485,390567
2016,NORTH CAROLINA,3,REPUBLICAN,217531,323701
2016,NORTH CAROLINA,4,DEMOCRAT,279380,409541
2016,NORTH CAROLINA,5,REPUBLICAN,207625,355512
2016,NORTH CAROLINA,6,REPUBLICAN,207983,351150
2016,NORTH CAROLINA,7,REPUBLICAN,211801,347706
2016,NORTH CAROLINA,8,REPUBLICAN,189863,323045
2016,NORTH CAROLINA,9,REPUBLICAN,193452,332493
2016,NORTH CAROLINA,10,REPUBLICAN,220825,349744
2016,NORTH CAROLINA,11,REPUBLICAN,230405,359508
2016,NORTH CAROLINA,12,DEMOCRAT,234115,349300
2016,NORTH CAROLINA,13,REPUBLICAN,199443,355492
2016,OHIO,1,REPUBLICAN,210014,354788
2016,OHIO,2,REPUBLICAN,221193,340279
2016,OHIO,3,DEMOCRAT,199791,291351
2016,OHIO,4,REPUBLICAN,210227,309208
2016,OHIO,5,REPUBLICAN,244599,344991
2016,OHIO,6,REPUBLICAN,213975,302755
2016,OHIO,7,REPUBLICAN,198221,309553
2016,OHIO,8,REPUBLICAN,223833,325506
2016,OHIO,9,DEMOCRAT,193966,282398
2016,OHIO,10,REPUBLICAN,215724,336602
2016,OHIO,11,DEMOCRAT,242917,302686
2016,OHIO,12,REPUBLICAN,251266,377534
2016,OHIO,13,DEMOCRAT,208610,308004
2016,OHIO,14,REPUBLICAN,219191,350269
2016,OHIO,15,REPUBLICAN,222847,336807
2016,OHIO,16,REPUBLICAN,225794,345624
2016,OKLAHOMA,1,REPUBLICAN,1,1
2016,OKLAHOMA,2,REPUBLICAN,189839,268870
2016,OKLAHOMA,3,REPUBLICAN,227525,290615
2016,OKLAHOMA,4,REPUBLICAN,204143,293189
2016,OKLAHOMA,5,REPUBLICAN,160184,280570
2016,OREGON,1,DEMOCRAT,225391,378095
2016,OREGON,2,REPUBLICAN,272952,380739
2016,OREGON,3,DEMOCRAT,274687,382355
2016,OREGON,4,DEMOCRAT,220628,397568
2016,OREGON,5,DEMOCRAT,199505,373108
2016,PENNSYLVANIA,1,DEMOCRAT,245791,299010
2016,PENNSYLVANIA,2,DEMOCRAT,322514,357645
2016,PENNSYLVANIA,3,REPUBLICAN,244893,244893
2016,PENNSYLVANIA,4,REPUBLICAN,220628,334000
2016,PENNSYLVANIA,5,REPUBLICAN,206761,307843
2016,PENNSYLVANIA,6,REPUBLICAN,207469,362469
2016,PENNSYLVANIA,7,REPUBLICAN,225678,379502
2016,PENNSYLVANIA,8,REPUBLICAN,207263,380818
2016,PENNSYLVANIA,9,REPUBLICAN,186580,294565
2016,PENNSYLVANIA,10,REPUBLICAN,211282,301105
2016,PENNSYLVANIA,11,REPUBLICAN,199421,313221
2016,PENNSYLVANIA,12,REPUBLICAN,221851,359204
2016,PENNSYLVANIA,13,DEMOCRAT,239316,239316
2016,PENNSYLVANIA,14,DEMOCRAT,255293,343292
2016,PENNSYLVANIA,15,REPUBLICAN,190618,326474
2016,PENNSYLVANIA,16,REPUBLICAN,168669,313773
2016,PENNSYLVANIA,17,DEMOCRAT,157734,293164
2016,PENNSYLVANIA,18,REPUBLICAN,293684,293684
2016,RHODE ISLAND,1,DEMOCRAT,130534,202371
2016,RHODE ISLAND,2,DEMOCRAT,133108,229148
2016,SOUTH CAROLINA,1,REPUBLICAN,190410,325170
2016,SOUTH CAROLINA,2,REPUBLICAN,183746,304996
2016,SOUTH CAROLINA,3,REPUBLICAN,196325,269540
2016,SOUTH CAROLINA,4,REPUBLICAN,198648,295670
2016,SOUTH CAROLINA,5,REPUBLICAN,161669,273006
2016,SOUTH CAROLINA,6,DEMOCRAT,177947,253901
2016,SOUTH CAROLINA,7,REPUBLICAN,176468,289463
2016,TENNESSEE,1,REPUBLICAN,198293,253025
2016,TENNESSEE,2,REPUBLICAN,212455,280856
2016,TENNESSEE,3,REPUBLICAN,176613,266006
2016,TENNESSEE,4,REPUBLICAN,165796,254937
2016,TENNESSEE,5,DEMOCRAT,171111,273544
2016,TENNESSEE,6,REPUBLICAN,202234,284490
2016,TENNESSEE,7,REPUBLICAN,200407,277513
2016,TENNESSEE,8,REPUBLICAN,194386,282733
2016,TENNESSEE,9,DEMOCRAT,171631,217957
2016,TEXAS,1,REPUBLICAN,192434,260409
2016,TEXAS,2,REPUBLICAN,168692,278236
2016,TEXAS,3,REPUBLICAN,193684,316467
2016,TEXAS,4,REPUBLICAN,216643,246220
2016,TEXAS,5,REPUBLICAN,155469,192875
2016,TEXAS,6,REPUBLICAN,159444,273296
2016,TEXAS,7,REPUBLICAN,143542,255533
2016,TEXAS,8,REPUBLICAN,236379,236379
2016,TEXAS,9,DEMOCRAT,152032,188523
2016,TEXAS,10,REPUBLICAN,179221,312600
2016,TEXAS,11,REPUBLICAN,201871,225548
2016,TEXAS,12,REPUBLICAN,196482,283115
2016,TEXAS,13,REPUBLICAN,199050,221242
2016,TEXAS,14,REPUBLICAN,160631,259685
2016,TEXAS,15,DEMOCRAT,101712,177479
2016,TEXAS,16,DEMOCRAT,150228,175229
2016,TEXAS,17,REPUBLICAN,149417,245728
2016,TEXAS,18,DEMOCRAT,150157,204308
2016,TEXAS,19,REPUBLICAN,176314,203475
2016,TEXAS,20,DEMOCRAT,149640,187669
2016,TEXAS,21,REPUBLICAN,202967,356031
2016,TEXAS,22,REPUBLICAN,181864,305543
2016,TEXAS,23,REPUBLICAN,110577,228965
2016,TEXAS,24,REPUBLICAN,154845,275635
2016,TEXAS,25,REPUBLICAN,180988,310196
2016,TEXAS,26,REPUBLICAN,211730,319080
2016,TEXAS,27,REPUBLICAN,142251,230580
2016,TEXAS,28,DEMOCRAT,122086,184442
2016,TEXAS,29,DEMOCRAT,95649,131982
2016,TEXAS,30,DEMOCRAT,170502,218826
2016,TEXAS,31,REPUBLICAN,166060,284588
2016,TEXAS,32,REPUBLICAN,162868,229171
2016,TEXAS,33,DEMOCRAT,93147,126369
2016,TEXAS,34,DEMOCRAT,104638,166961
2016,TEXAS,35,DEMOCRAT,124612,197576
2016,TEXAS,36,REPUBLICAN,193675,218565
2016,UTAH,1,REPUBLICAN,182925,277451
2016,UTAH,2,REPUBLICAN,170524,276819
2016,UTAH,3,REPUBLICAN,209589,285305
2016,UTAH,4,REPUBLICAN,147597,274569
2016,VIRGINIA,1,REPUBLICAN,230213,384601
2016,VIRGINIA,2,REPUBLICAN,190475,310567
2016,VIRGINIA,3,DEMOCRAT,208337,312340
2016,VIRGINIA,4,DEMOCRAT,200136,346656
2016,VIRGINIA,5,REPUBLICAN,207758,356756
2016,VIRGINIA,6,REPUBLICAN,225471,338409
2016,VIRGINIA,7,REPUBLICAN,218057,379163
2016,VIRGINIA,8,DEMOCRAT,246653,360676
2016,VIRGINIA,9,REPUBLICAN,212838,310314
2016,VIRGINIA,10,REPUBLICAN,210791,400083
2016,VIRGINIA,11,DEMOCRAT,247818,282003
2016,WASHINGTON,1,DEMOCRAT,193619,349398
2016,WASHINGTON,2,DEMOCRAT,208314,325408
2016,WASHINGTON,3,REPUBLICAN,193457,313277
2016,WASHINGTON,4,REPUBLICAN,132517,229919
2016,WASHINGTON,5,REPUBLICAN,192959,323534
2016,WASHINGTON,6,DEMOCRAT,201718,327834
2016,WASHINGTON,7,DEMOCRAT,212010,378754
2016,WASHINGTON,8,REPUBLICAN,193145,320865
2016,WASHINGTON,9,DEMOCRAT,205165,281482
2016,WASHINGTON,10,DEMOCRAT,170460,290564
2016,WEST VIRGINIA,1,REPUBLICAN,163469,237003
2016,WEST VIRGINIA,2,REPUBLICAN,140807,242014
2016,WEST VIRGINIA,3,REPUBLICAN,140741,207332
2016,WISCONSIN,1,REPUBLICAN,230072,354245
2016,WISCONSIN,2,DEMOCRAT,273537,398060
2016,WISCONSIN,3,DEMOCRAT,257401,260370
2016,WISCONSIN,4,DEMOCRAT,220181,286909
2016,WISCONSIN,5,REPUBLICAN,260706,390844
2016,WISCONSIN,6,REPUBLICAN,204147,357183
2016,WISCONSIN,7,REPUBLICAN,223418,362271
2016,WISCONSIN,8,REPUBLICAN,227892,363780
2018,ALABAMA,1,REPUBLICAN,153228,242617
2018,ALABAMA,2,REPUBLICAN,138879,226230
2018,ALABAMA,3,REPUBLICAN,147770,231915
2018,ALABAMA,4,REPUBLICAN,184255,230969
2018,ALABAMA,5,REPUBLICAN,159063,260673
2018,ALABAMA,6,REPUBLICAN,192542,278328
2018,ALABAMA,7,DEMOCRAT,185010,189163
2018,ARIZONA,1,DEMOCRAT,143240,266089
2018,ARIZONA,2,DEMOCRAT,161000,294152
2018,ARIZONA,3,DEMOCRAT,114650,179518
2018,ARIZONA,4,REPUBLICAN,188842,277035
2018,ARIZONA,5,REPUBLICAN,186037,313064
2018,ARIZONA,6,REPUBLICAN,173140,313699
2018,ARIZONA,7,DEMOCRAT,113044,132051
2018,ARIZONA,8,REPUBLICAN,168835,304417
2018,ARIZONA,9,DEMOCRAT,159583,261245
2018,ARKANSAS,1,REPUBLICAN,138757,201245
2018,ARKANSAS,2,REPUBLICAN,132125,253453
2018,ARKANSAS,3,REPUBLICAN,148717,229708
2018,ARKANSAS,4,REPUBLICAN,136740,204892
2018,CALIFORNIA,1,REPUBLICAN,160046,291594
2018,CALIFORNIA,2,DEMOCRAT,243081,315657
2018,CALIFORNIA,3,DEMOCRAT,134875,232251
2018,CALIFORNIA,4,REPUBLICAN,184401,340654
2018,CALIFORNIA,5,DEMOCRAT,205860,261018
2018,CALIFORNIA,6,DEMOCRAT,162411,201939
2018,CALIFORNIA,7,DEMOCRAT,155016,281617
2018,CALIFORNIA,8,REPUBLICAN,102415,170785
2018,CALIFORNIA,9,DEMOCRAT,113414,200763
2018,CALIFORNIA,10,DEMOCRAT,115945,221900
2018,CALIFORNIA,11,DEMOCRAT,204369,275681
2018,CALIFORNIA,12,DEMOCRAT,275292,317072
2018,CALIFORNIA,13,DEMOCRAT,260580,294837
2018,CALIFORNIA,14,DEMOCRAT,211384,266823
2018,CALIFORNIA,15,DEMOCRAT,177989,243929
2018,CALIFORNIA,16,DEMOCRAT,82266,142959
2018,CALIFORNIA,17,DEMOCRAT,159105,211162
2018,CALIFORNIA,18,DEMOCRAT,225142,302238
2018,CALIFORNIA,19,DEMOCRAT,162496,220319
2018,CALIFORNIA,20,DEMOCRAT,183677,225721
2018,CALIFORNIA,21,DEMOCRAT,57239,113616
2018,CALIFORNIA,22,REPUBLICAN,117243,222379
2018,CALIFORNIA,23,REPUBLICAN,131113,205774
2018,CALIFORNIA,24,DEMOCRAT,166550,284431
2018,CALIFORNIA,25,DEMOCRAT,133209,245022
2018,CALIFORNIA,26,DEMOCRAT,158216,255426
2018,CALIFORNIA,27,DEMOCRAT,160504,202636
2018,CALIFORNIA,28,DEMOCRAT,196662,250934
2018,CALIFORNIA,29,DEMOCRAT,124697,154692
2018,CALIFORNIA,30,DEMOCRAT,191573,260993
2018,CALIFORNIA,31,DEMOCRAT,110143,187495
2018,CALIFORNIA,32,DEMOCRAT,121759,177031
2018,CALIFORNIA,33,DEMOCRAT,219091,312860
2018,CALIFORNIA,34,DEMOCRAT,110195,151906
2018,CALIFORNIA,35,DEMOCRAT,103420,149024
2018,CALIFORNIA,36,DEMOCRAT,122169,207008
2018,CALIFORNIA,37,DEMOCRAT,210555,236378
2018,CALIFORNIA,38,DEMOCRAT,139188,202156
2018,CALIFORNIA,39,DEMOCRAT,126002,244393
2018,CALIFORNIA,40,DEMOCRAT,93938,121449
2018,CALIFORNIA,41,DEMOCRAT,108227,166248
2018,CALIFORNIA,42,REPUBLICAN,131040,231932
2018,CALIFORNIA,43,DEMOCRAT,152272,196052
2018,CALIFORNIA,44,DEMOCRAT,97944,143322
2018,CALIFORNIA,45,DEMOCRAT,158906,305289
2018,CALIFORNIA,46,DEMOCRAT,102278,147916
2018,CALIFORNIA,47,DEMOCRAT,143354,221036
2018,CALIFORNIA,48,DEMOCRAT,157837,294736
2018,CALIFORNIA,49,DEMOCRAT,166453,295030
2018,CALIFORNIA,50,REPUBLICAN,134362,259810
2018,CALIFORNIA,51,DEMOCRAT,109527,153828
2018,CALIFORNIA,52,DEMOCRAT,188992,296007
2018,CALIFORNIA,53,DEMOCRAT,185667,268794
2018,COLORADO,1,DEMOCRAT,272886,369693
2018,COLORADO,2,DEMOCRAT,259608,430614
2018,COLORADO,3,REPUBLICAN,173205,336189
2018,COLORADO,4,REPUBLICAN,224038,369582
2018,COLORADO,5,REPUBLICAN,184002,322645
2018,COLORADO,6,DEMOCRAT,187639,346817
2018,COLORADO,7,DEMOCRAT,204260,338006
2018,CONNECTICUT,1,DEMOCRAT,166155,274140
2018,CONNECTICUT,2,DEMOCRAT,167659,289114
2018,CONNECTICUT,3,DEMOCRAT,163211,270239
2018,CONNECTICUT,4,DEMOCRAT,168726,275651
2018,CONNECTICUT,5,DEMOCRAT,142901,270664
2018,FLORIDA,1,REPUBLICAN,216189,322388
2018,FLORIDA,2,REPUBLICAN,199335,295568
2018,FLORIDA,3,REPUBLICAN,176616,306496
2018,FLORIDA,4,REPUBLICAN,248420,381249
2018,FLORIDA,5,DEMOCRAT,180527,270326
2018,FLORIDA,6,REPUBLICAN,187891,333649
2018,FLORIDA,7,DEMOCRAT,183113,317398
2018,FLORIDA,8,REPUBLICAN,218112,360527
2018,FLORIDA,9,DEMOCRAT,172172,296737
2018,FLORIDA,10,DEMOCRAT,1,1
2018,FLORIDA,11,REPUBLICAN,239395,367506
2018,FLORIDA,12,REPUBLICAN,194564,334918
2018,FLORIDA,13,DEMOCRAT,182717,316971
2018,FLORIDA,14,DEMOCRAT,1,1
2018,FLORIDA,15,REPUBLICAN,151380,285532
2018,FLORIDA,16,REPUBLICAN,197483,361946
2018,FLORIDA,17,REPUBLICAN,193326,310520
2018,FLORIDA,18,REPUBLICAN,185905,342359
2018,FLORIDA,19,REPUBLICAN,211465,339607
2018,FLORIDA,20,DEMOCRAT,202659,202824
2018,FLORIDA,21,DEMOCRAT,1,1
2018,FLORIDA,22,DEMOCRAT,184634,297683
2018,FLORIDA,23,DEMOCRAT,161611,276366
2018,FLORIDA,24,DEMOCRAT,1,1
2018,FLORIDA,25,REPUBLICAN,128672,212845
2018,FLORIDA,26,DEMOCRAT,119797,235475
2018,FLORIDA,27,DEMOCRAT,130743,252586
2018,GEORGIA,1,REPUBLICAN,144741,250683
2018,GEORGIA,2,DEMOCRAT,136699,229171
2018,GEORGIA,3,REPUBLICAN,191996,293006
2018,GEORGIA,4,DEMOCRAT,227717,288809
2018,GEORGIA,5,DEMOCRAT,275406,275406
2018,GEORGIA,6,DEMOCRAT,160139,317014
2018,GEORGIA,7,REPUBLICAN,140430,280441
2018,GEORGIA,8,REPUBLICAN,198152,198152
2018,GEORGIA,9,REPUBLICAN,224661,282573
2018,GEORGIA,10,REPUBLICAN,190396,302735
2018,GEORGIA,11,REPUBLICAN,191887,310540
2018,GEORGIA,12,REPUBLICAN,148986,250489
2018,GEORGIA,13,DEMOCRAT,223157,292917
2018,GEORGIA,14,REPUBLICAN,175743,229724
2018,HAWAII,1,DEMOCRAT,134650,184211
2018,HAWAII,2,DEMOCRAT,153271,198121
2018,IDAHO,1,REPUBLICAN,197719,315069
2018,IDAHO,2,REPUBLICAN,170274,280655
2018,ILLINOIS,1,DEMOCRAT,189560,257885
2018,ILLINOIS,2,DEMOCRAT,190684,235251
2018,ILLINOIS,3,DEMOCRAT,163053,223334
2018,ILLINOIS,4,DEMOCRAT,143895,166189
2018,ILLINOIS,5,DEMOCRAT,213992,279131
2018,ILLINOIS,6,DEMOCRAT,169001,315446
2018,ILLINOIS,7,DEMOCRAT,215746,246243
2018,ILLINOIS,8,DEMOCRAT,130054,197127
2018,ILLINOIS,9,DEMOCRAT,213368,290351
2018,ILLINOIS,10,DEMOCRAT,156540,238664
2018,ILLINOIS,11,DEMOCRAT,145407,227765
2018,ILLINOIS,12,REPUBLICAN,134884,261543
2018,ILLINOIS,13,REPUBLICAN,136516,270981
2018,ILLINOIS,14,DEMOCRAT,156035,297199
2018,ILLINOIS,15,REPUBLICAN,181294,255608
2018,ILLINOIS,16,REPUBLICAN,151254,255825
2018,ILLINOIS,17,DEMOCRAT,142659,229749
2018,ILLINOIS,18,REPUBLICAN,195927,291413
2018,INDIANA,1,DEMOCRAT,159611,245209
2018,INDIANA,2,REPUBLICAN,125499,228889
2018,INDIANA,3,REPUBLICAN,158927,245537
2018,INDIANA,4,REPUBLICAN,156539,244363
2018,INDIANA,5,REPUBLICAN,180035,317177
2018,INDIANA,6,REPUBLICAN,154260,241726
2018,INDIANA,7,DEMOCRAT,141139,217596
2018,INDIANA,8,REPUBLICAN,157396,244291
2018,INDIANA,9,REPUBLICAN,153271,271361
2018,IOWA,1,DEMOCRAT,170342,334243
2018,IOWA,2,DEMOCRAT,171446,312913
2018,IOWA,3,DEMOCRAT,175642,356241
2018,IOWA,4,REPUBLICAN,157676,313251
2018,KANSAS,1,REPUBLICAN,153082,224640
2018,KANSAS,2,REPUBLICAN,126098,264688
2018,KANSAS,3,DEMOCRAT,170518,318301
2018,KANSAS,4,REPUBLICAN,144248,242693
2018,KENTUCKY,1,REPUBLICAN,172167,251016
2018,KENTUCKY,2,REPUBLICAN,171700,257345
2018,KENTUCKY,3,DEMOCRAT,173002,278720
2018,KENTUCKY,4,REPUBLICAN,162946,261812
2018,KENTUCKY,5,REPUBLICAN,172093,218017
2018,KENTUCKY,6,REPUBLICAN,154468,302888
2018,LOUISIANA,1,REPUBLICAN,192555,269325
2018,LOUISIANA,2,DEMOCRAT,190182,235982
2018,LOUISIANA,3,REPUBLICAN,136876,245943
2018,LOUISIANA,4,REPUBLICAN,139326,216872
2018,LOUISIANA,5,REPUBLICAN,149018,223946
2018,LOUISIANA,6,REPUBLICAN,186553,268525
2018,MAINE,1,DEMOCRAT,201195,342053
2018,MAINE,2,DEMOCRAT,139231,281371
2018,MARYLAND,1,REPUBLICAN,183662,306132
2018,MARYLAND,2,DEMOCRAT,167201,253302
2018,MARYLAND,3,DEMOCRAT,202407,292880
2018,MARYLAND,4,DEMOCRAT,209642,268583
2018,MARYLAND,5,DEMOCRAT,213796,304209
2018,MARYLAND,6,DEMOCRAT,163346,276974
2018,MARYLAND,7,DEMOCRAT,202345,264710
2018,MARYLAND,8,DEMOCRAT,217679,319330
2018,MASSACHUSETTS,1,DEMOCRAT,211790,216900
2018,MASSACHUSETTS,2,DEMOCRAT,191332,284893
2018,MASSACHUSETTS,3,DEMOCRAT,173175,279327
2018,MASSACHUSETTS,4,DEMOCRAT,245289,251016
2018,MASSACHUSETTS,5,DEMOCRAT,236243,311324
2018,MASSACHUSETTS,6,DEMOCRAT,217703,333975
2018,MASSACHUSETTS,7,DEMOCRAT,216559,220411
2018,MASSACHUSETTS,8,DEMOCRAT,259159,263307
2018,MASSACHUSETTS,9,DEMOCRAT,192347,323928
2018,MICHIGAN,1,REPUBLICAN,187251,332497
2018,MICHIGAN,2,REPUBLICAN,168970,305463
2018,MICHIGAN,3,REPUBLICAN,169107,310740
2018,MICHIGAN,4,REPUBLICAN,178510,285050
2018,MICHIGAN,5,DEMOCRAT,164502,276413
2018,MICHIGAN,6,REPUBLICAN,147436,293438
2018,MICHIGAN,7,REPUBLICAN,158730,295060
2018,MICHIGAN,8,DEMOCRAT,172880,341593
2018,MICHIGAN,9,DEMOCRAT,181734,304563
2018,MICHIGAN,10,REPUBLICAN,182808,303064
2018,MICHIGAN,11,DEMOCRAT,181912,350901
2018,MICHIGAN,12,DEMOCRAT,200588,294628
2018,MICHIGAN,13,DEMOCRAT,165355,196299
2018,MICHIGAN,14,DEMOCRAT,214334,264994
2018,MINNESOTA,1,REPUBLICAN,146200,291661
2018,MINNESOTA,2,DEMOCRAT,177958,337968
2018,MINNESOTA,3,DEMOCRAT,202404,363949
2018,MINNESOTA,4,DEMOCRAT,216865,328614
2018,MINNESOTA,5,DEMOCRAT,267703,343358
2018,MINNESOTA,6,REPUBLICAN,192931,315726
2018,MINNESOTA,7,DEMOCRAT,146672,281509
2018,MINNESOTA,8,REPUBLICAN,159364,314211
2018,MISSISSIPPI,1,REPUBLICAN,158245,236521
2018,MISSISSIPPI,2,DEMOCRAT,158921,221379
2018,MISSISSIPPI,3,REPUBLICAN,160284,257271
2018,MISSISSIPPI,4,REPUBLICAN,152633,223732
2018,MISSOURI,1,DEMOCRAT,219781,274375
2018,MISSOURI,2,REPUBLICAN,192477,376066
2018,MISSOURI,3,REPUBLICAN,211243,324608
2018,MISSOURI,4,REPUBLICAN,190138,293316
2018,MISSOURI,5,DEMOCRAT,175019,283785
2018,MISSOURI,6,REPUBLICAN,199796,305409
2018,MISSOURI,7,REPUBLICAN,196343,296455
2018,MISSOURI,8,REPUBLICAN,194042,264399
2018,NEBRASKA,1,REPUBLICAN,141712,234781
2018,NEBRASKA,2,REPUBLICAN,126715,248485
2018,NEBRASKA,3,REPUBLICAN,163650,213304
2018,NEVADA,1,DEMOCRAT,100707,152201
2018,NEVADA,2,REPUBLICAN,167435,287537
2018,NEVADA,3,DEMOCRAT,148501,286168
2018,NEVADA,4,DEMOCRAT,121962,234868
2018,NEW HAMPSHIRE,1,DEMOCRAT,155884,291039
2018,NEW HAMPSHIRE,2,DEMOCRAT,155358,279705
2018,NEW JERSEY,1,DEMOCRAT,169628,263418
2018,NEW JERSEY,2,DEMOCRAT,136685,258363
2018,NEW JERSEY,3,DEMOCRAT,153473,306875
2018,NEW JERSEY,4,REPUBLICAN,163065,294348
2018,NEW JERSEY,5,DEMOCRAT,169546,301823
2018,NEW JERSEY,6,DEMOCRAT,140752,221195
2018,NEW JERSEY,7,DEMOCRAT,166985,322742
2018,NEW JERSEY,8,DEMOCRAT,119881,153455
2018,NEW JERSEY,9,DEMOCRAT,140832,200416
2018,NEW JERSEY,10,DEMOCRAT,175253,200159
2018,NEW JERSEY,11,DEMOCRAT,183684,323574
2018,NEW JERSEY,12,DEMOCRAT,173334,252375
2018,NEW MEXICO,1,DEMOCRAT,147336,249162
2018,NEW MEXICO,2,DEMOCRAT,101489,199256
2018,NEW MEXICO,3,DEMOCRAT,155201,244893
2018,NEW YORK,1,DEMOCRAT,124213,270053
2018,NEW YORK,2,REPUBLICAN,112565,241217
2018,NEW YORK,3,DEMOCRAT,149937,267062
2018,NEW YORK,4,DEMOCRAT,156728,260206
2018,NEW YORK,5,DEMOCRAT,160500,161471
2018,NEW YORK,6,DEMOCRAT,104293,123421
2018,NEW YORK,7,DEMOCRAT,134125,157302
2018,NEW YORK,8,DEMOCRAT,170850,191567
2018,NEW YORK,9,DEMOCRAT,167269,203423
2018,NEW YORK,10,DEMOCRAT,162131,210958
2018,NEW YORK,11,DEMOCRAT,96850,192173
2018,NEW YORK,12,DEMOCRAT,205858,251877
2018,NEW YORK,13,DEMOCRAT,171341,190688
2018,NEW YORK,14,DEMOCRAT,110318,141204
2018,NEW YORK,15,DEMOCRAT,122007,129751
2018,NEW YORK,16,DEMOCRAT,172815,183356
2018,NEW YORK,17,DEMOCRAT,159923,193841
2018,NEW YORK,18,DEMOCRAT,126368,251690
2018,NEW YORK,19,DEMOCRAT,135582,287986
2018,NEW YORK,20,DEMOCRAT,161330,266014
2018,NEW YORK,21,REPUBLICAN,116433,235267
2018,NEW YORK,22,DEMOCRAT,116001,251212
2018,NEW YORK,23,REPUBLICAN,114722,240374
2018,NEW YORK,24,DEMOCRAT,115902,260477
2018,NEW YORK,25,DEMOCRAT,147979,270120
2018,NEW YORK,26,DEMOCRAT,156968,230663
2018,NEW YORK,27,DEMOCRAT,128167,285300
2018,NORTH CAROLINA,1,DEMOCRAT,190457,272675
2018,NORTH CAROLINA,2,REPUBLICAN,170072,331704
2018,NORTH CAROLINA,3,REPUBLICAN,187901,187901
2018,NORTH CAROLINA,4,DEMOCRAT,247067,341403
2018,NORTH CAROLINA,5,REPUBLICAN,159917,280385
2018,NORTH CAROLINA,6,REPUBLICAN,160709,284360
2018,NORTH CAROLINA,7,REPUBLICAN,156809,282312
2018,NORTH CAROLINA,8,REPUBLICAN,141402,255521
2018,NORTH CAROLINA,9,REPUBLICAN,139246,282717
2018,NORTH CAROLINA,10,REPUBLICAN,164969,278228
2018,NORTH CAROLINA,11,REPUBLICAN,178012,300666
2018,NORTH CAROLINA,12,DEMOCRAT,203974,279138
2018,NORTH CAROLINA,13,REPUBLICAN,147570,286316
2018,OHIO,1,REPUBLICAN,154409,300871
2018,OHIO,2,REPUBLICAN,166714,289661
2018,OHIO,3,DEMOCRAT,181575,246677
2018,OHIO,4,REPUBLICAN,167993,257405
2018,OHIO,5,REPUBLICAN,176569,283617
2018,OHIO,6,REPUBLICAN,172774,249490
2018,OHIO,7,REPUBLICAN,153117,260653
2018,OHIO,8,REPUBLICAN,173852,261133
2018,OHIO,9,DEMOCRAT,157219,231937
2018,OHIO,10,REPUBLICAN,157554,281726
2018,OHIO,11,DEMOCRAT,206138,250660
2018,OHIO,12,REPUBLICAN,175677,341647
2018,OHIO,13,DEMOCRAT,153323,251370
2018,OHIO,14,REPUBLICAN,169809,307358
2018,OHIO,15,REPUBLICAN,170593,292443
2018,OHIO,16,REPUBLICAN,170029,299710
2018,OKLAHOMA,1,REPUBLICAN,150129,253171
2018,OKLAHOMA,2,REPUBLICAN,140451,216002
2018,OKLAHOMA,3,REPUBLICAN,172913,234065
2018,OKLAHOMA,4,REPUBLICAN,149227,236638
2018,OKLAHOMA,5,DEMOCRAT,121149,238960
2018,OREGON,1,DEMOCRAT,231198,363249
2018,OREGON,2,REPUBLICAN,207597,368709
2018,OREGON,3,DEMOCRAT,279019,384326
2018,OREGON,4,DEMOCRAT,208710,372893
2018,OREGON,5,DEMOCRAT,197187,358469
2018,PENNSYLVANIA,1,REPUBLICAN,169053,329798
2018,PENNSYLVANIA,2,DEMOCRAT,159600,201982
2018,PENNSYLVANIA,3,DEMOCRAT,287610,307997
2018,PENNSYLVANIA,4,DEMOCRAT,211524,332991
2018,PENNSYLVANIA,5,DEMOCRAT,198639,304714
2018,PENNSYLVANIA,6,DEMOCRAT,177704,301828
2018,PENNSYLVANIA,7,DEMOCRAT,140813,263261
2018,PENNSYLVANIA,8,DEMOCRAT,135603,248166
2018,PENNSYLVANIA,9,REPUBLICAN,148723,248927
2018,PENNSYLVANIA,10,REPUBLICAN,149365,291033
2018,PENNSYLVANIA,11,REPUBLICAN,163708,277584
2018,PENNSYLVANIA,12,REPUBLICAN,161047,243872
2018,PENNSYLVANIA,13,REPUBLICAN,178533,253266
2018,PENNSYLVANIA,14,REPUBLICAN,151386,261437
2018,PENNSYLVANIA,15,REPUBLICAN,165245,243572
2018,PENNSYLVANIA,16,REPUBLICAN,135348,262396
2018,PENNSYLVANIA,17,DEMOCRAT,183162,325579
2018,PENNSYLVANIA,18,DEMOCRAT,231472,231472
2018,RHODE ISLAND,1,DEMOCRAT,116099,174083
2018,RHODE ISLAND,2,DEMOCRAT,126476,199197
2018,SOUTH CAROLINA,1,DEMOCRAT,145455,287433
2018,SOUTH CAROLINA,2,REPUBLICAN,144642,257139
2018,SOUTH CAROLINA,3,REPUBLICAN,153338,226204
2018,SOUTH CAROLINA,4,REPUBLICAN,145321,243950
2018,SOUTH CAROLINA,5,REPUBLICAN,141757,248579
2018,SOUTH CAROLINA,6,DEMOCRAT,144765,206433
2018,SOUTH CAROLINA,7,REPUBLICAN,142681,239554
2018,TENNESSEE,1,REPUBLICAN,172835,224282
2018,TENNESSEE,2,REPUBLICAN,172856,262134
2018,TENNESSEE,3,REPUBLICAN,156512,245765
2018,TENNESSEE,4,REPUBLICAN,147323,232451
2018,TENNESSEE,5,DEMOCRAT,177923,262248
2018,TENNESSEE,6,REPUBLICAN,172810,248740
2018,TENNESSEE,7,REPUBLICAN,170071,254384
2018,TENNESSEE,8,REPUBLICAN,168030,248345
2018,TENNESSEE,9,DEMOCRAT,145139,181476
2018,TEXAS,1,REPUBLICAN,168165,232720
2018,TEXAS,2,REPUBLICAN,139188,263392
2018,TEXAS,3,REPUBLICAN,169520,312511
2018,TEXAS,4,REPUBLICAN,188667,249245
2018,TEXAS,5,REPUBLICAN,130617,209507
2018,TEXAS,6,REPUBLICAN,135961,256042
2018,TEXAS,7,DEMOCRAT,127959,243601
2018,TEXAS,8,REPUBLICAN,200619,273170
2018,TEXAS,9,DEMOCRAT,136256,153001
2018,TEXAS,10,REPUBLICAN,157166,307827
2018,TEXAS,11,REPUBLICAN,176603,220377
2018,TEXAS,12,REPUBLICAN,172557,268491
2018,TEXAS,13,REPUBLICAN,169027,207285
2018,TEXAS,14,REPUBLICAN,138942,234528
2018,TEXAS,15,DEMOCRAT,98333,164802
2018,TEXAS,16,DEMOCRAT,124437,181754
2018,TEXAS,17,REPUBLICAN,134841,237351
2018,TEXAS,18,DEMOCRAT,138704,184332
2018,TEXAS,19,REPUBLICAN,151946,201985
2018,TEXAS,20,DEMOCRAT,139038,171963
2018,TEXAS,21,REPUBLICAN,177654,353617
2018,TEXAS,22,REPUBLICAN,152750,297405
2018,TEXAS,23,REPUBLICAN,103285,210069
2018,TEXAS,24,REPUBLICAN,133317,263418
2018,TEXAS,25,REPUBLICAN,163023,304553
2018,TEXAS,26,REPUBLICAN,185551,312505
2018,TEXAS,27,REPUBLICAN,125118,207421
2018,TEXAS,28,DEMOCRAT,117494,139226
2018,TEXAS,29,DEMOCRAT,88188,117494
2018,TEXAS,30,DEMOCRAT,166784,183174
2018,TEXAS,31,REPUBLICAN,144680,286007
2018,TEXAS,32,DEMOCRAT,144067,275620
2018,TEXAS,33,DEMOCRAT,90805,119224
2018,TEXAS,34,DEMOCRAT,85825,143068
2018,TEXAS,35,DEMOCRAT,138278,194067
2018,TEXAS,36,REPUBLICAN,161048,221956
2018,UTAH,1,REPUBLICAN,156692,254333
2018,UTAH,2,REPUBLICAN,151489,270044
2018,UTAH,3,REPUBLICAN,174856,258858
2018,UTAH,4,DEMOCRAT,134964,269271
2018,VIRGINIA,1,REPUBLICAN,183250,332101
2018,VIRGINIA,2,DEMOCRAT,139571,273400
2018,VIRGINIA,3,DEMOCRAT,198615,217722
2018,VIRGINIA,4,DEMOCRAT,187642,299854
2018,VIRGINIA,5,REPUBLICAN,165339,310926
2018,VIRGINIA,6,REPUBLICAN,167957,281377
2018,VIRGINIA,7,DEMOCRAT,176079,349803
2018,VIRGINIA,8,DEMOCRAT,247137,324748
2018,VIRGINIA,9,REPUBLICAN,160933,246980
2018,VIRGINIA,10,DEMOCRAT,206356,367795
2018,VIRGINIA,11,DEMOCRAT,219191,308250
2018,WASHINGTON,1,DEMOCRAT,197209,332743
2018,WASHINGTON,2,DEMOCRAT,210187,294833
2018,WASHINGTON,3,REPUBLICAN,161819,307226
2018,WASHINGTON,4,REPUBLICAN,141551,225336
2018,WASHINGTON,5,REPUBLICAN,175422,320347
2018,WASHINGTON,6,DEMOCRAT,206409,323086
2018,WASHINGTON,7,DEMOCRAT,329800,394681
2018,WASHINGTON,8,DEMOCRAT,164089,313057
2018,WASHINGTON,9,DEMOCRAT,163345,240567
2018,WASHINGTON,10,DEMOCRAT,166215,270075
2018,WEST VIRGINIA,1,REPUBLICAN,127997,198214
2018,WEST VIRGINIA,2,REPUBLICAN,110504,204792
2018,WEST VIRGINIA,3,REPUBLICAN,98645,174985
2018,WISCONSIN,1,REPUBLICAN,177492,325317
2018,WISCONSIN,2,DEMOCRAT,309116,317295
2018,WISCONSIN,3,DEMOCRAT,187888,314989
2018,WISCONSIN,4,DEMOCRAT,206487,273087
2018,WISCONSIN,5,REPUBLICAN,225619,364288
2018,WISCONSIN,6,REPUBLICAN,180311,325065
2018,WISCONSIN,7,REPUBLICAN,194061,322840
2018,WISCONSIN,8,REPUBLICAN,209410,328774
2020,ALABAMA,1,REPUBLICAN,211825,329075
2020,ALABAMA,2,REPUBLICAN,197996,303569
2020,ALABAMA,3,REPUBLICAN,217384,322234
2020,ALABAMA,4,REPUBLICAN,261553,318029
2020,ALABAMA,5,REPUBLICAN,253094,264160
2020,ALABAMA,6,REPUBLICAN,274160,282261
2020,ALABAMA,7,DEMOCRAT,225742,232331
2020,ARIZONA,1,DEMOCRAT,188469,365178
2020,ARIZONA,2,DEMOCRAT,209945,381054
2020,ARIZONA,3,DEMOCRAT,174243,269837
2020,ARIZONA,4,REPUBLICAN,278002,398623
2020,ARIZONA,5,REPUBLICAN,262414,445657
2020,ARIZONA,6,REPUBLICAN,217783,417427
2020,ARIZONA,7,DEMOCRAT,165452,215732
2020,ARIZONA,8,REPUBLICAN,251633,422467
2020,ARIZONA,9,DEMOCRAT,217094,352274
2020,ARKANSAS,1,REPUBLICAN,237596,237596
2020,ARKANSAS,2,REPUBLICAN,184093,332503
2020,ARKANSAS,3,REPUBLICAN,214960,334262
2020,ARKANSAS,4,REPUBLICAN,191617,275035
2020,CALIFORNIA,1,REPUBLICAN,204190,358263
2020,CALIFORNIA,2,DEMOCRAT,294435,388755
2020,CALIFORNIA,3,DEMOCRAT,176043,321988
2020,CALIFORNIA,4,REPUBLICAN,247291,442022
2020,CALIFORNIA,5,DEMOCRAT,271233,356460
2020,CALIFORNIA,6,DEMOCRAT,229648,313114
2020,CALIFORNIA,7,DEMOCRAT,217416,383965
2020,CALIFORNIA,8,REPUBLICAN,158711,283111
2020,CALIFORNIA,9,DEMOCRAT,174252,302610
2020,CALIFORNIA,10,DEMOCRAT,166865,302494
2020,CALIFORNIA,11,DEMOCRAT,271063,371356
2020,CALIFORNIA,12,DEMOCRAT,281776,362950
2020,CALIFORNIA,13,DEMOCRAT,327863,362818
2020,CALIFORNIA,14,DEMOCRAT,278300,351005
2020,CALIFORNIA,15,DEMOCRAT,242991,342701
2020,CALIFORNIA,16,DEMOCRAT,128690,216729
2020,CALIFORNIA,17,DEMOCRAT,212137,297336
2020,CALIFORNIA,18,DEMOCRAT,217388,344139
2020,CALIFORNIA,19,DEMOCRAT,224385,313027
2020,CALIFORNIA,20,DEMOCRAT,236896,308554
2020,CALIFORNIA,21,REPUBLICAN,85928,170334
2020,CALIFORNIA,22,REPUBLICAN,170888,315139
2020,CALIFORNIA,23,REPUBLICAN,190222,306118
2020,CALIFORNIA,24,DEMOCRAT,212564,362345
2020,CALIFORNIA,25,REPUBLICAN,169638,338943
2020,CALIFORNIA,26,DEMOCRAT,208856,344733
2020,CALIFORNIA,27,DEMOCRAT,221411,317318
2020,CALIFORNIA,28,DEMOCRAT,244271,336199
2020,CALIFORNIA,29,DEMOCRAT,119420,210944
2020,CALIFORNIA,30,DEMOCRAT,240038,345464
2020,CALIFORNIA,31,DEMOCRAT,175315,286050
2020,CALIFORNIA,32,DEMOCRAT,172942,259760
2020,CALIFORNIA,33,DEMOCRAT,257094,380428
2020,CALIFORNIA,34,DEMOCRAT,108792,205346
2020,CALIFORNIA,35,DEMOCRAT,169405,244346
2020,CALIFORNIA,36,DEMOCRAT,185151,306849
2020,CALIFORNIA,37,DEMOCRAT,254916,296621
2020,CALIFORNIA,38,DEMOCRAT,190467,256206
2020,CALIFORNIA,39,REPUBLICAN,173946,343783
2020,CALIFORNIA,40,DEMOCRAT,135572,186381
2020,CALIFORNIA,41,DEMOCRAT,168126,262573
2020,CALIFORNIA,42,REPUBLICAN,210274,368047
2020,CALIFORNIA,43,DEMOCRAT,199210,277898
2020,CALIFORNIA,44,DEMOCRAT,139661,206036
2020,CALIFORNIA,45,DEMOCRAT,221843,414939
2020,CALIFORNIA,46,DEMOCRAT,157803,229519
2020,CALIFORNIA,47,DEMOCRAT,197028,311399
2020,CALIFORNIA,48,REPUBLICAN,201738,395100
2020,CALIFORNIA,49,DEMOCRAT,205349,386506
2020,CALIFORNIA,50,REPUBLICAN,195521,362390
2020,CALIFORNIA,51,DEMOCRAT,165596,242437
2020,CALIFORNIA,52,DEMOCRAT,244145,396495
2020,CALIFORNIA,53,DEMOCRAT,199244,334858
2020,COLORADO,1,DEMOCRAT,331621,450290
2020,COLORADO,2,DEMOCRAT,316925,515663
2020,COLORADO,3,REPUBLICAN,220634,429319
2020,COLORADO,4,REPUBLICAN,285606,475107
2020,COLORADO,5,REPUBLICAN,249013,432407
2020,COLORADO,6,DEMOCRAT,250314,438473
2020,COLORADO,7,DEMOCRAT,250525,423691
2020,CONNECTICUT,1,DEMOCRAT,213001,349237
2020,CONNECTICUT,2,DEMOCRAT,207303,367347
2020,CONNECTICUT,3,DEMOCRAT,194259,346103
2020,CONNECTICUT,4,DEMOCRAT,224432,360716
2020,CONNECTICUT,5,DEMOCRAT,183797,349524
2020,FLORIDA,1,REPUBLICAN,283352,438562
2020,FLORIDA,2,REPUBLICAN,305337,311999
2020,FLORIDA,3,REPUBLICAN,223075,390401
2020,FLORIDA,4,REPUBLICAN,308497,504940
2020,FLORIDA,5,DEMOCRAT,219463,336973
2020,FLORIDA,6,REPUBLICAN,265393,437856
2020,FLORIDA,7,DEMOCRAT,224946,406449
2020,FLORIDA,8,REPUBLICAN,282093,459788
2020,FLORIDA,9,DEMOCRAT,240724,429638
2020,FLORIDA,10,DEMOCRAT,239434,376397
2020,FLORIDA,11,REPUBLICAN,316979,475073
2020,FLORIDA,12,REPUBLICAN,284941,453135
2020,FLORIDA,13,DEMOCRAT,215405,406125
2020,FLORIDA,14,DEMOCRAT,224240,372136
2020,FLORIDA,15,REPUBLICAN,216374,390671
2020,FLORIDA,16,REPUBLICAN,269001,484684
2020,FLORIDA,17,REPUBLICAN,266514,412397
2020,FLORIDA,18,REPUBLICAN,253286,449720
2020,FLORIDA,19,REPUBLICAN,272440,444589
2020,FLORIDA,20,DEMOCRAT,253661,322409
2020,FLORIDA,21,DEMOCRAT,237925,403093
2020,FLORIDA,22,DEMOCRAT,235764,402317
2020,FLORIDA,23,DEMOCRAT,221239,380196
2020,FLORIDA,24,DEMOCRAT,218825,289638
2020,FLORIDA,25,REPUBLICAN,-1,-1
2020,FLORIDA,26,REPUBLICAN,177223,342630
2020,FLORIDA,27,REPUBLICAN,176141,342975
2020,GEORGIA,1,REPUBLICAN,189457,324695
2020,GEORGIA,2,DEMOCRAT,161397,273034
2020,GEORGIA,3,REPUBLICAN,241526,371318
2020,GEORGIA,4,DEMOCRAT,278906,348299
2020,GEORGIA,5,DEMOCRAT,301857,354503
2020,GEORGIA,6,DEMOCRAT,216775,397104
2020,GEORGIA,7,DEMOCRAT,190900,371464
2020,GEORGIA,8,REPUBLICAN,198701,308013
2020,GEORGIA,9,REPUBLICAN,292750,372547
2020,GEORGIA,10,REPUBLICAN,235810,378446
2020,GEORGIA,11,REPUBLICAN,245259,405882
2020,GEORGIA,12,REPUBLICAN,181038,310099
2020,GEORGIA,13,DEMOCRAT,279045,360582
2020,GEORGIA,14,REPUBLICAN,229827,307625
2020,HAWAII,1,DEMOCRAT,183245,283408
2020,HAWAII,2,DEMOCRAT,171517,296376
2020,IDAHO,1,REPUBLICAN,310736,458576
2020,IDAHO,2,REPUBLICAN,250669,391333
2020,ILLINOIS,1,DEMOCRAT,239943,325123
2020,ILLINOIS,2,DEMOCRAT,234896,298038
2020,ILLINOIS,3,DEMOCRAT,172997,306848
2020,ILLINOIS,4,DEMOCRAT,187219,222737
2020,ILLINOIS,5,DEMOCRAT,255661,361271
2020,ILLINOIS,6,DEMOCRAT,213777,404747
2020,ILLINOIS,7,DEMOCRAT,249383,310128
2020,ILLINOIS,8,DEMOCRAT,186251,254578
2020,ILLINOIS,9,DEMOCRAT,262045,369170
2020,ILLINOIS,10,DEMOCRAT,202402,316874
2020,ILLINOIS,11,DEMOCRAT,194557,307377
2020,ILLINOIS,12,REPUBLICAN,194839,322416
2020,ILLINOIS,13,REPUBLICAN,181373,333021
2020,ILLINOIS,14,DEMOCRAT,203209,401052
2020,ILLINOIS,15,REPUBLICAN,244947,333506
2020,ILLINOIS,16,REPUBLICAN,218839,338159
2020,ILLINOIS,17,DEMOCRAT,156011,299895
2020,ILLINOIS,18,REPUBLICAN,261840,371879
2020,INDIANA,1,DEMOCRAT,185180,326948
2020,INDIANA,2,REPUBLICAN,183601,298568
2020,INDIANA,3,REPUBLICAN,220989,325751
2020,INDIANA,4,REPUBLICAN,225531,338515
2020,INDIANA,5,REPUBLICAN,208212,416226
2020,INDIANA,6,REPUBLICAN,225319,328213
2020,INDIANA,7,DEMOCRAT,176422,282568
2020,INDIANA,8,REPUBLICAN,214643,320617
2020,INDIANA,9,REPUBLICAN,222057,359038
2020,IOWA,1,REPUBLICAN,212088,423971
2020,IOWA,2,REPUBLICAN,196964,413989
2020,IOWA,3,DEMOCRAT,219205,460813
2020,IOWA,4,REPUBLICAN,237369,401495
2020,KANSAS,1,REPUBLICAN,208229,292622
2020,KANSAS,2,REPUBLICAN,185464,336315
2020,KANSAS,3,DEMOCRAT,220049,410418
2020,KANSAS,4,REPUBLICAN,203432,319598
2020,KENTUCKY,1,REPUBLICAN,246329,328470
2020,KENTUCKY,2,REPUBLICAN,255735,360399
2020,KENTUCKY,3,DEMOCRAT,230672,368097
2020,KENTUCKY,4,REPUBLICAN,256613,382509
2020,KENTUCKY,5,REPUBLICAN,250914,297970
2020,KENTUCKY,6,REPUBLICAN,216948,378450
2020,LOUISIANA,1,REPUBLICAN,270330,374369
2020,LOUISIANA,2,DEMOCRAT,201636,316982
2020,LOUISIANA,3,REPUBLICAN,230480,340120
2020,LOUISIANA,4,REPUBLICAN,185265,306578
2020,LOUISIANA,5,REPUBLICAN,149183,435090
2020,LOUISIANA,6,REPUBLICAN,265706,373996
2020,MAINE,1,DEMOCRAT,271004,447981
2020,MAINE,2,DEMOCRAT,197974,380324
2020,MARYLAND,1,REPUBLICAN,250901,395524
2020,MARYLAND,2,DEMOCRAT,224836,332026
2020,MARYLAND,3,DEMOCRAT,260358,373206
2020,MARYLAND,4,DEMOCRAT,282119,354529
2020,MARYLAND,5,DEMOCRAT,274210,398839
2020,MARYLAND,6,DEMOCRAT,215540,366434
2020,MARYLAND,7,DEMOCRAT,237084,330998
2020,MARYLAND,8,DEMOCRAT,274716,402614
2020,MASSACHUSETTS,1,DEMOCRAT,275376,372716
2020,MASSACHUSETTS,2,DEMOCRAT,249854,394084
2020,MASSACHUSETTS,3,DEMOCRAT,286896,388210
2020,MASSACHUSETTS,4,DEMOCRAT,251102,434533
2020,MASSACHUSETTS,5,DEMOCRAT,294427,413371
2020,MASSACHUSETTS,6,DEMOCRAT,286377,452574
2020,MASSACHUSETTS,7,DEMOCRAT,267362,326837
2020,MASSACHUSETTS,8,DEMOCRAT,310940,433545
2020,MASSACHUSETTS,9,DEMOCRAT,260262,442135
2020,MICHIGAN,1,REPUBLICAN,256581,416219
2020,MICHIGAN,2,REPUBLICAN,238711,403247
2020,MICHIGAN,3,REPUBLICAN,213649,403419
2020,MICHIGAN,4,REPUBLICAN,242621,373245
2020,MICHIGAN,5,DEMOCRAT,196599,361032
2020,MICHIGAN,6,REPUBLICAN,211496,378980
2020,MICHIGAN,7,REPUBLICAN,227524,387267
2020,MICHIGAN,8,DEMOCRAT,217922,428344
2020,MICHIGAN,9,DEMOCRAT,230318,399117
2020,MICHIGAN,10,REPUBLICAN,271607,409786
2020,MICHIGAN,11,DEMOCRAT,226128,450473
2020,MICHIGAN,12,DEMOCRAT,254957,383823
2020,MICHIGAN,13,DEMOCRAT,223205,285885
2020,MICHIGAN,14,DEMOCRAT,271370,342303
2020,MINNESOTA,1,REPUBLICAN,179234,368856
2020,MINNESOTA,2,DEMOCRAT,204534,424512
2020,MINNESOTA,3,DEMOCRAT,246666,443603
2020,MINNESOTA,4,DEMOCRAT,245813,389114
2020,MINNESOTA,5,DEMOCRAT,255924,398229
2020,MINNESOTA,6,REPUBLICAN,270901,412307
2020,MINNESOTA,7,REPUBLICAN,194066,363477
2020,MINNESOTA,8,REPUBLICAN,223432,393711
2020,MISSISSIPPI,1,REPUBLICAN,228787,332795
2020,MISSISSIPPI,2,DEMOCRAT,196224,297234
2020,MISSISSIPPI,3,REPUBLICAN,221064,341846
2020,MISSISSIPPI,4,REPUBLICAN,255971,255971
2020,MISSOURI,1,DEMOCRAT,249087,316171
2020,MISSOURI,2,REPUBLICAN,233157,449348
2020,MISSOURI,3,REPUBLICAN,282866,407348
2020,MISSOURI,4,REPUBLICAN,245247,362836
2020,MISSOURI,5,DEMOCRAT,207180,352430
2020,MISSOURI,6,REPUBLICAN,258709,385779
2020,MISSOURI,7,REPUBLICAN,254318,369283
2020,MISSOURI,8,REPUBLICAN,253811,330226
2020,NEBRASKA,1,REPUBLICAN,189006,317566
2020,NEBRASKA,2,REPUBLICAN,171071,336962
2020,NEBRASKA,3,REPUBLICAN,225157,286770
2020,NEVADA,1,DEMOCRAT,137868,223213
2020,NEVADA,2,REPUBLICAN,216078,382673
2020,NEVADA,3,DEMOCRAT,203421,417252
2020,NEVADA,4,DEMOCRAT,168457,332469
2020,NEW HAMPSHIRE,1,DEMOCRAT,205606,400661
2020,NEW HAMPSHIRE,2,DEMOCRAT,208289,386441
2020,NEW JERSEY,1,DEMOCRAT,240567,385030
2020,NEW JERSEY,2,REPUBLICAN,195526,376547
2020,NEW JERSEY,3,DEMOCRAT,229840,431762
2020,NEW JERSEY,4,REPUBLICAN,254103,424368
2020,NEW JERSEY,5,DEMOCRAT,225175,423636
2020,NEW JERSEY,6,DEMOCRAT,199648,326408
2020,NEW JERSEY,7,DEMOCRAT,219629,433947
2020,NEW JERSEY,8,DEMOCRAT,176758,238773
2020,NEW JERSEY,9,DEMOCRAT,203674,309542
2020,NEW JERSEY,10,DEMOCRAT,241522,290009
2020,NEW JERSEY,11,DEMOCRAT,235163,441176
2020,NEW JERSEY,12,DEMOCRAT,230883,351725
2020,NEW MEXICO,1,DEMOCRAT,186953,321290
2020,NEW MEXICO,2,REPUBLICAN,142283,264946
2020,NEW MEXICO,3,DEMOCRAT,186282,317448
2020,NEW YORK,1,REPUBLICAN,180855,389014
2020,NEW YORK,2,REPUBLICAN,158151,358617
2020,NEW YORK,3,DEMOCRAT,196056,398887
2020,NEW YORK,4,DEMOCRAT,199762,385015
2020,NEW YORK,5,DEMOCRAT,229125,277909
2020,NEW YORK,6,DEMOCRAT,144149,249493
2020,NEW YORK,7,DEMOCRAT,156889,235169
2020,NEW YORK,8,DEMOCRAT,207111,285735
2020,NEW YORK,9,DEMOCRAT,195758,287412
2020,NEW YORK,10,DEMOCRAT,181215,289130
2020,NEW YORK,11,REPUBLICAN,143420,301351
2020,NEW YORK,12,DEMOCRAT,265172,336079
2020,NEW YORK,13,DEMOCRAT,202916,267236
2020,NEW YORK,14,DEMOCRAT,152661,223611
2020,NEW YORK,15,DEMOCRAT,169533,200205
2020,NEW YORK,16,DEMOCRAT,218514,315156
2020,NEW YORK,17,DEMOCRAT,183976,359958
2020,NEW YORK,18,DEMOCRAT,171161,358738
2020,NEW YORK,19,DEMOCRAT,168281,370433
2020,NEW YORK,20,DEMOCRAT,194071,369372
2020,NEW YORK,21,REPUBLICAN,169684,325798
2020,NEW YORK,22,REPUBLICAN,143291,326568
2020,NEW YORK,23,REPUBLICAN,161800,323865
2020,NEW YORK,24,REPUBLICAN,156236,352683
2020,NEW YORK,25,DEMOCRAT,187503,367377
2020,NEW YORK,26,DEMOCRAT,202400,337867
2020,NEW YORK,27,REPUBLICAN,192619,397802
2020,NORTH CAROLINA,1,DEMOCRAT,188870,348618
2020,NORTH CAROLINA,2,DEMOCRAT,311887,495345
2020,NORTH CAROLINA,3,REPUBLICAN,229800,362552
2020,NORTH CAROLINA,4,DEMOCRAT,332421,493719
2020,NORTH CAROLINA,5,REPUBLICAN,257843,385244
2020,NORTH CAROLINA,6,DEMOCRAT,253531,407129
2020,NORTH CAROLINA,7,REPUBLICAN,272443,452208
2020,NORTH CAROLINA,8,REPUBLICAN,202774,380555
2020,NORTH CAROLINA,9,REPUBLICAN,224661,404124
2020,NORTH CAROLINA,10,REPUBLICAN,284095,412284
2020,NORTH CAROLINA,11,REPUBLICAN,245351,450145
2020,NORTH CAROLINA,12,DEMOCRAT,341457,341457
2020,NORTH CAROLINA,13,REPUBLICAN,267181,391865
2020,OHIO,1,REPUBLICAN,199560,385285
2020,OHIO,2,REPUBLICAN,230430,377248
2020,OHIO,3,DEMOCRAT,227420,321092
2020,OHIO,4,REPUBLICAN,235875,347626
2020,OHIO,5,REPUBLICAN,257019,377981
2020,OHIO,6,REPUBLICAN,249130,334791
2020,OHIO,7,REPUBLICAN,236607,350549
2020,OHIO,8,REPUBLICAN,246277,357157
2020,OHIO,9,DEMOCRAT,190328,301752
2020,OHIO,10,REPUBLICAN,212972,364948
2020,OHIO,11,DEMOCRAT,242098,302421
2020,OHIO,12,REPUBLICAN,241790,437672
2020,OHIO,13,DEMOCRAT,173631,330801
2020,OHIO,14,REPUBLICAN,238864,397450
2020,OHIO,15,REPUBLICAN,243103,383361
2020,OHIO,16,REPUBLICAN,247335,391406
2020,OKLAHOMA,1,REPUBLICAN,213700,335471
2020,OKLAHOMA,2,REPUBLICAN,216511,288527
2020,OKLAHOMA,3,REPUBLICAN,242677,309178
2020,OKLAHOMA,4,REPUBLICAN,213096,314358
2020,OKLAHOMA,5,REPUBLICAN,158191,303849
2020,OREGON,1,DEMOCRAT,297071,459899
2020,OREGON,2,REPUBLICAN,273835,457433
2020,OREGON,3,DEMOCRAT,343574,470506
2020,OREGON,4,DEMOCRAT,240950,467705
2020,OREGON,5,DEMOCRAT,234863,452646
2020,PENNSYLVANIA,1,REPUBLICAN,249804,441679
2020,PENNSYLVANIA,2,DEMOCRAT,198140,273162
2020,PENNSYLVANIA,3,DEMOCRAT,341708,375379
2020,PENNSYLVANIA,4,DEMOCRAT,264637,444563
2020,PENNSYLVANIA,5,DEMOCRAT,255743,395295
2020,PENNSYLVANIA,6,DEMOCRAT,226440,403966
2020,PENNSYLVANIA,7,DEMOCRAT,195475,376882
2020,PENNSYLVANIA,8,DEMOCRAT,178004,343787
2020,PENNSYLVANIA,9,REPUBLICAN,232988,351254
2020,PENNSYLVANIA,10,REPUBLICAN,208896,391834
2020,PENNSYLVANIA,11,REPUBLICAN,241915,383240
2020,PENNSYLVANIA,12,REPUBLICAN,241035,340234
2020,PENNSYLVANIA,13,REPUBLICAN,267789,364401
2020,PENNSYLVANIA,14,REPUBLICAN,241688,373583
2020,PENNSYLVANIA,15,REPUBLICAN,255058,347214
2020,PENNSYLVANIA,16,REPUBLICAN,210088,354050
2020,PENNSYLVANIA,17,DEMOCRAT,222253,434537
2020,PENNSYLVANIA,18,DEMOCRAT,266084,384247
2020,RHODE ISLAND,1,DEMOCRAT,158550,223860
2020,RHODE ISLAND,2,DEMOCRAT,154086,264557
2020,SOUTH CAROLINA,1,REPUBLICAN,216042,427111
2020,SOUTH CAROLINA,2,REPUBLICAN,202715,364215
2020,SOUTH CAROLINA,3,REPUBLICAN,237544,333564
2020,SOUTH CAROLINA,4,REPUBLICAN,222126,360550
2020,SOUTH CAROLINA,5,REPUBLICAN,220006,366258
2020,SOUTH CAROLINA,6,DEMOCRAT,197477,289653
2020,SOUTH CAROLINA,7,REPUBLICAN,224993,364091
2020,TENNESSEE,1,REPUBLICAN,228181,305423
2020,TENNESSEE,2,REPUBLICAN,238907,353197
2020,TENNESSEE,3,REPUBLICAN,215571,320299
2020,TENNESSEE,4,REPUBLICAN,223802,335710
2020,TENNESSEE,5,DEMOCRAT,252155,252169
2020,TENNESSEE,6,REPUBLICAN,257572,349578
2020,TENNESSEE,7,REPUBLICAN,245188,350635
2020,TENNESSEE,8,REPUBLICAN,227216,331853
2020,TENNESSEE,9,DEMOCRAT,187905,242880
2020,TEXAS,1,REPUBLICAN,219726,302742
2020,TEXAS,2,REPUBLICAN,192828,346726
2020,TEXAS,3,REPUBLICAN,230512,418591
2020,TEXAS,4,REPUBLICAN,253837,337803
2020,TEXAS,5,REPUBLICAN,173836,280413
2020,TEXAS,6,REPUBLICAN,179507,339992
2020,TEXAS,7,DEMOCRAT,159529,314125
2020,TEXAS,8,REPUBLICAN,277327,382471
2020,TEXAS,9,DEMOCRAT,172938,229107
2020,TEXAS,10,REPUBLICAN,217216,413894
2020,TEXAS,11,REPUBLICAN,232568,291773
2020,TEXAS,12,REPUBLICAN,233853,367021
2020,TEXAS,13,REPUBLICAN,217124,273508
2020,TEXAS,14,REPUBLICAN,190541,309115
2020,TEXAS,15,DEMOCRAT,115605,228917
2020,TEXAS,16,DEMOCRAT,154108,238114
2020,TEXAS,17,REPUBLICAN,171390,306873
2020,TEXAS,18,DEMOCRAT,180952,246895
2020,TEXAS,19,REPUBLICAN,198198,265052
2020,TEXAS,20,DEMOCRAT,175078,270723
2020,TEXAS,21,REPUBLICAN,235740,453750
2020,TEXAS,22,REPUBLICAN,210259,408048
2020,TEXAS,23,REPUBLICAN,149395,295457
2020,TEXAS,24,REPUBLICAN,167910,344021
2020,TEXAS,25,REPUBLICAN,220088,393523
2020,TEXAS,26,REPUBLICAN,261963,432215
2020,TEXAS,27,REPUBLICAN,172305,273253
2020,TEXAS,28,DEMOCRAT,137494,235844
2020,TEXAS,29,DEMOCRAT,111305,156473
2020,TEXAS,30,DEMOCRAT,204928,264464
2020,TEXAS,31,REPUBLICAN,212695,398057
2020,TEXAS,32,DEMOCRAT,178542,343687
2020,TEXAS,33,DEMOCRAT,105317,157606
2020,TEXAS,34,DEMOCRAT,111439,201027
2020,TEXAS,35,DEMOCRAT,176373,269797
2020,TEXAS,36,REPUBLICAN,222712,302549
2020,UTAH,1,REPUBLICAN,237988,342351
2020,UTAH,2,REPUBLICAN,208997,354224
2020,UTAH,3,REPUBLICAN,246674,358927
2020,UTAH,4,REPUBLICAN,179688,376730
2020,VIRGINIA,1,REPUBLICAN,260614,448178
2020,VIRGINIA,2,DEMOCRAT,185733,360277
2020,VIRGINIA,3,DEMOCRAT,233326,341361
2020,VIRGINIA,4,DEMOCRAT,241142,391345
2020,VIRGINIA,5,REPUBLICAN,210988,402317
2020,VIRGINIA,6,REPUBLICAN,246606,381813
2020,VIRGINIA,7,DEMOCRAT,230893,454339
2020,VIRGINIA,8,DEMOCRAT,301454,397745
2020,VIRGINIA,9,REPUBLICAN,271851,289274
2020,VIRGINIA,10,DEMOCRAT,268734,475546
2020,VIRGINIA,11,DEMOCRAT,280725,393241
2020,WASHINGTON,1,DEMOCRAT,249944,426862
2020,WASHINGTON,2,DEMOCRAT,255252,404598
2020,WASHINGTON,3,REPUBLICAN,235579,417903
2020,WASHINGTON,4,REPUBLICAN,202108,305263
2020,WASHINGTON,5,REPUBLICAN,247815,404360
2020,WASHINGTON,6,DEMOCRAT,247429,417216
2020,WASHINGTON,7,DEMOCRAT,387109,466462
2020,WASHINGTON,8,DEMOCRAT,213123,412112
2020,WASHINGTON,9,DEMOCRAT,258771,349050
2020,WASHINGTON,10,DEMOCRAT,167937,340407
2020,WEST VIRGINIA,1,REPUBLICAN,180488,261723
2020,WEST VIRGINIA,2,REPUBLICAN,172195,272994
2020,WEST VIRGINIA,3,REPUBLICAN,161585,226668
2020,WISCONSIN,1,REPUBLICAN,238271,401754
2020,WISCONSIN,2,DEMOCRAT,318523,457205
2020,WISCONSIN,3,DEMOCRAT,199870,389618
2020,WISCONSIN,4,DEMOCRAT,232668,311697
2020,WISCONSIN,5,REPUBLICAN,265434,441599
2020,WISCONSIN,6,REPUBLICAN,238874,403333
2020,WISCONSIN,7,REPUBLICAN,252048,415007
2020,WISCONSIN,8,REPUBLICAN,268173,417838
2022,ALABAMA,1,REPUBLICAN,140592,168150
2022,ALABAMA,2,REPUBLICAN,137460,198961
2022,ALABAMA,3,REPUBLICAN,135602,190406
2022,ALABAMA,4,REPUBLICAN,164655,195733
2022,ALABAMA,5,REPUBLICAN,142435,212317
2022,ALABAMA,6,REPUBLICAN,154233,184203
2022,ALABAMA,7,DEMOCRAT,123233,193940
2022,ARIZONA,1,REPUBLICAN,182336,361477
2022,ARIZONA,2,REPUBLICAN,174169,323396
2022,ARIZONA,3,DEMOCRAT,108599,141074
2022,ARIZONA,4,DEMOCRAT,148941,265498
2022,ARIZONA,5,REPUBLICAN,182464,321590
2022,ARIZONA,6,REPUBLICAN,177201,349283
2022,ARIZONA,7,DEMOCRAT,126418,195862
2022,ARIZONA,8,REPUBLICAN,197555,204713
2022,ARIZONA,9,REPUBLICAN,192796,197185
2022,ARKANSAS,1,REPUBLICAN,153774,208372
2022,ARKANSAS,2,REPUBLICAN,147975,246446
2022,ARKANSAS,3,REPUBLICAN,142401,223588
2022,ARKANSAS,4,REPUBLICAN,153850,216696
2022,CALIFORNIA,1,REPUBLICAN,152839,246225
2022,CALIFORNIA,2,DEMOCRAT,229720,308749
2022,CALIFORNIA,3,REPUBLICAN,181438,338199
2022,CALIFORNIA,4,DEMOCRAT,176900,260907
2022,CALIFORNIA,5,REPUBLICAN,173524,283030
2022,CALIFORNIA,6,DEMOCRAT,121058,216383
2022,CALIFORNIA,7,DEMOCRAT,150618,220651
2022,CALIFORNIA,8,DEMOCRAT,145501,192135
2022,CALIFORNIA,9,DEMOCRAT,95598,174400
2022,CALIFORNIA,10,DEMOCRAT,198415,251380
2022,CALIFORNIA,11,DEMOCRAT,220848,263065
2022,CALIFORNIA,12,DEMOCRAT,217110,239969
2022,CALIFORNIA,13,REPUBLICAN,67060,133556
2022,CALIFORNIA,14,DEMOCRAT,137612,198464
2022,CALIFORNIA,15,DEMOCRAT,108077,194874
2022,CALIFORNIA,16,DEMOCRAT,139235,241007
2022,CALIFORNIA,17,DEMOCRAT,127853,180253
2022,CALIFORNIA,18,DEMOCRAT,99776,151513
2022,CALIFORNIA,19,DEMOCRAT,194494,283310
2022,CALIFORNIA,20,REPUBLICAN,153847,228781
2022,CALIFORNIA,21,DEMOCRAT,68074,125647
2022,CALIFORNIA,22,REPUBLICAN,52994,102856
2022,CALIFORNIA,23,REPUBLICAN,103197,169105
2022,CALIFORNIA,24,DEMOCRAT,159019,262552
2022,CALIFORNIA,25,DEMOCRAT,87641,152742
2022,CALIFORNIA,26,DEMOCRAT,134575,246789
2022,CALIFORNIA,27,REPUBLICAN,104624,196516
2022,CALIFORNIA,28,DEMOCRAT,150062,226557
2022,CALIFORNIA,29,DEMOCRAT,69915,119435
2022,CALIFORNIA,30,DEMOCRAT,150100,211068
2022,CALIFORNIA,31,DEMOCRAT,91472,153625
2022,CALIFORNIA,32,DEMOCRAT,167411,242029
2022,CALIFORNIA,33,DEMOCRAT,76588,132707
2022,CALIFORNIA,34,DEMOCRAT,62244,121467
2022,CALIFORNIA,35,DEMOCRAT,75121,130953
2022,CALIFORNIA,36,DEMOCRAT,194299,278563
2022,CALIFORNIA,37,DEMOCRAT,84338,131880
2022,CALIFORNIA,38,DEMOCRAT,101260,174311
2022,CALIFORNIA,39,DEMOCRAT,75896,131597
2022,CALIFORNIA,40,REPUBLICAN,161589,284311
2022,CALIFORNIA,41,REPUBLICAN,123869,236638
2022,CALIFORNIA,42,DEMOCRAT,99217,145120
2022,CALIFORNIA,43,DEMOCRAT,95462,123447
2022,CALIFORNIA,44,DEMOCRAT,100160,138714
2022,CALIFORNIA,45,REPUBLICAN,113960,217426
2022,CALIFORNIA,46,DEMOCRAT,78041,126298
2022,CALIFORNIA,47,DEMOCRAT,137374,265635
2022,CALIFORNIA,48,REPUBLICAN,155171,257071
2022,CALIFORNIA,49,DEMOCRAT,153541,291735
2022,CALIFORNIA,50,DEMOCRAT,168816,268635
2022,CALIFORNIA,51,DEMOCRAT,144186,233072
2022,CALIFORNIA,52,DEMOCRAT,100686,151016
2022,COLORADO,1,DEMOCRAT,226929,282616
2022,COLORADO,2,DEMOCRAT,244107,348839
2022,COLORADO,3,REPUBLICAN,163839,327285
2022,COLORADO,4,REPUBLICAN,216024,354513
2022,COLORADO,5,REPUBLICAN,155528,277964
2022,COLORADO,6,DEMOCRAT,170140,280755
2022,COLORADO,7,DEMOCRAT,204984,363601
2022,COLORADO,8,DEMOCRAT,114377,236501
2022,CONNECTICUT,1,DEMOCRAT,144873,243913
2022,CONNECTICUT,2,DEMOCRAT,165946,285031
2022,CONNECTICUT,3,DEMOCRAT,137924,242651
2022,CONNECTICUT,4,DEMOCRAT,140262,236084
2022,CONNECTICUT,5,DEMOCRAT,123818,253672
2022,FLORIDA,1,REPUBLICAN,197349,290816
2022,FLORIDA,2,REPUBLICAN,180236,301389
2022,FLORIDA,3,REPUBLICAN,178101,284893
2022,FLORIDA,4,REPUBLICAN,165696,274103
2022,FLORIDA,5,REPUBLICAN,1,1
2022,FLORIDA,6,REPUBLICAN,226548,300755
2022,FLORIDA,7,REPUBLICAN,177966,304055
2022,FLORIDA,8,REPUBLICAN,222128,342208
2022,FLORIDA,9,DEMOCRAT,108541,202368
2022,FLORIDA,10,DEMOCRAT,117955,199910
2022,FLORIDA,11,REPUBLICAN,205995,326609
2022,FLORIDA,12,REPUBLICAN,226601,321995
2022,FLORIDA,13,REPUBLICAN,181487,341546
2022,FLORIDA,14,DEMOCRAT,149737,263164
2022,FLORIDA,15,REPUBLICAN,145219,248054
2022,FLORIDA,16,REPUBLICAN,189762,305358
2022,FLORIDA,17,REPUBLICAN,222483,348506
2022,FLORIDA,18,REPUBLICAN,167429,224234
2022,FLORIDA,19,REPUBLICAN,213035,313274
2022,FLORIDA,20,DEMOCRAT,136215,188366
2022,FLORIDA,21,REPUBLICAN,208614,328505
2022,FLORIDA,22,DEMOCRAT,150010,272204
2022,FLORIDA,23,DEMOCRAT,143951,279049
2022,FLORIDA,24,DEMOCRAT,133442,185891
2022,FLORIDA,25,DEMOCRAT,129113,234352
2022,FLORIDA,26,REPUBLICAN,143240,202108
2022,FLORIDA,27,REPUBLICAN,136038,237442
2022,FLORIDA,28,REPUBLICAN,134457,211150
2022,GEORGIA,1,REPUBLICAN,156128,263965
2022,GEORGIA,2,DEMOCRAT,132675,241340
2022,GEORGIA,3,REPUBLICAN,213524,310581
2022,GEORGIA,4,DEMOCRAT,216332,275634
2022,GEORGIA,5,DEMOCRAT,243687,295456
2022,GEORGIA,6,REPUBLICAN,206886,332498
2022,GEORGIA,7,DEMOCRAT,143063,235039
2022,GEORGIA,8,REPUBLICAN,178700,260586
2022,GEORGIA,9,REPUBLICAN,212820,294138
2022,GEORGIA,10,REPUBLICAN,198523,307630
2022,GEORGIA,11,REPUBLICAN,190086,303657
2022,GEORGIA,12,REPUBLICAN,158047,265195
2022,GEORGIA,13,DEMOCRAT,216388,264616
2022,GEORGIA,14,REPUBLICAN,170162,258351
2022,HAWAII,1,DEMOCRAT,143546,202378
2022,HAWAII,2,DEMOCRAT,128407,216985
2022,IDAHO,1,REPUBLICAN,222901,312442
2022,IDAHO,2,REPUBLICAN,172450,271186
2022,ILLINOIS,1,DEMOCRAT,159142,237425
2022,ILLINOIS,2,DEMOCRAT,140414,209175
2022,ILLINOIS,3,DEMOCRAT,121764,177759
2022,ILLINOIS,4,DEMOCRAT,91036,133047
2022,ILLINOIS,5,DEMOCRAT,190999,274550
2022,ILLINOIS,6,DEMOCRAT,150496,276859
2022,ILLINOIS,7,DEMOCRAT,167650,167746
2022,ILLINOIS,8,DEMOCRAT,117880,207215
2022,ILLINOIS,9,DEMOCRAT,179615,250530
2022,ILLINOIS,10,DEMOCRAT,152566,242165
2022,ILLINOIS,11,DEMOCRAT,149172,264241
2022,ILLINOIS,12,REPUBLICAN,218379,291171
2022,ILLINOIS,13,DEMOCRAT,141788,250450
2022,ILLINOIS,14,DEMOCRAT,128141,236600
2022,ILLINOIS,15,REPUBLICAN,213007,299403
2022,ILLINOIS,16,REPUBLICAN,197621,297946
2022,ILLINOIS,17,DEMOCRAT,121186,233123
2022,INDIANA,1,DEMOCRAT,112656,213207
2022,INDIANA,2,REPUBLICAN,125313,194073
2022,INDIANA,3,REPUBLICAN,131579,201542
2022,INDIANA,4,REPUBLICAN,134864,197698
2022,INDIANA,5,REPUBLICAN,146575,240009
2022,INDIANA,6,REPUBLICAN,130686,193524
2022,INDIANA,7,DEMOCRAT,117309,175180
2022,INDIANA,8,REPUBLICAN,141995,216040
2022,INDIANA,9,REPUBLICAN,143166,225276
2022,IOWA,1,REPUBLICAN,162947,309736
2022,IOWA,2,REPUBLICAN,172181,321507
2022,IOWA,3,REPUBLICAN,156262,315039
2022,IOWA,4,REPUBLICAN,186467,284134
2022,KANSAS,1,REPUBLICAN,161333,238425
2022,KANSAS,2,REPUBLICAN,134506,233358
2022,KANSAS,3,DEMOCRAT,165527,301294
2022,KANSAS,4,REPUBLICAN,144889,228740
2022,KENTUCKY,1,REPUBLICAN,184157,245858
2022,KENTUCKY,2,REPUBLICAN,170487,237256
2022,KENTUCKY,3,DEMOCRAT,160920,259587
2022,KENTUCKY,4,REPUBLICAN,167541,257629
2022,KENTUCKY,5,REPUBLICAN,177712,216270
2022,KENTUCKY,6,REPUBLICAN,154762,246818
2022,LOUISIANA,1,REPUBLICAN,177670,244044
2022,LOUISIANA,2,DEMOCRAT,158120,205047
2022,LOUISIANA,3,REPUBLICAN,144423,224552
2022,LOUISIANA,4,REPUBLICAN,1,1
2022,LOUISIANA,5,REPUBLICAN,151080,223553
2022,LOUISIANA,6,REPUBLICAN,189684,235928
2022,MAINE,1,DEMOCRAT,219753,358138
2022,MAINE,2,DEMOCRAT,1165136,2656104
2022,MARYLAND,1,REPUBLICAN,159673,293358
2022,MARYLAND,2,DEMOCRAT,158998,268434
2022,MARYLAND,3,DEMOCRAT,175514,291602
2022,MARYLAND,4,DEMOCRAT,144168,160009
2022,MARYLAND,5,DEMOCRAT,182478,276920
2022,MARYLAND,6,DEMOCRAT,140295,256398
2022,MARYLAND,7,DEMOCRAT,151640,184801
2022,MARYLAND,8,DEMOCRAT,211842,264206
2022,MASSACHUSETTS,1,DEMOCRAT,157635,263651
2022,MASSACHUSETTS,2,DEMOCRAT,180639,280071
2022,MASSACHUSETTS,3,DEMOCRAT,154496,251389
2022,MASSACHUSETTS,4,DEMOCRAT,201882,291569
2022,MASSACHUSETTS,5,DEMOCRAT,203994,284881
2022,MASSACHUSETTS,6,DEMOCRAT,198119,323032
2022,MASSACHUSETTS,7,DEMOCRAT,151825,189830
2022,MASSACHUSETTS,8,DEMOCRAT,189987,284583
2022,MASSACHUSETTS,9,DEMOCRAT,197823,342455
2022,MICHIGAN,1,REPUBLICAN,233094,388599
2022,MICHIGAN,2,REPUBLICAN,216222,339521
2022,MICHIGAN,3,DEMOCRAT,185989,338988
2022,MICHIGAN,4,REPUBLICAN,183936,338348
2022,MICHIGAN,5,REPUBLICAN,198020,317258
2022,MICHIGAN,6,DEMOCRAT,241759,366927
2022,MICHIGAN,7,DEMOCRAT,192809,372708
2022,MICHIGAN,8,DEMOCRAT,178322,335829
2022,MICHIGAN,9,REPUBLICAN,238300,372922
2022,MICHIGAN,10,REPUBLICAN,159202,326237
2022,MICHIGAN,11,DEMOCRAT,224537,366179
2022,MICHIGAN,12,DEMOCRAT,196643,277577
2022,MICHIGAN,13,DEMOCRAT,166650,234444
2022,MINNESOTA,1,REPUBLICAN,159621,296547
2022,MINNESOTA,2,DEMOCRAT,165583,325472
2022,MINNESOTA,3,DEMOCRAT,198883,333921
2022,MINNESOTA,4,DEMOCRAT,200055,295973
2022,MINNESOTA,5,DEMOCRAT,214224,288206
2022,MINNESOTA,6,REPUBLICAN,198145,319767
2022,MINNESOTA,7,REPUBLICAN,204766,305866
2022,MINNESOTA,8,REPUBLICAN,188755,330080
2022,MISSISSIPPI,1,REPUBLICAN,122151,167389
2022,MISSISSIPPI,2,DEMOCRAT,108285,180169
2022,MISSISSIPPI,3,REPUBLICAN,132481,187284
2022,MISSISSIPPI,4,REPUBLICAN,127813,174258
2022,MISSOURI,1,DEMOCRAT,160999,220958
2022,MISSOURI,2,REPUBLICAN,173277,315666
2022,MISSOURI,3,REPUBLICAN,180746,277597
2022,MISSOURI,4,REPUBLICAN,181890,255079
2022,MISSOURI,5,DEMOCRAT,140688,230555
2022,MISSOURI,6,REPUBLICAN,184865,262892
2022,MISSOURI,7,REPUBLICAN,178592,251947
2022,MISSOURI,8,REPUBLICAN,186472,245395
2022,MONTANA,1,REPUBLICAN,123102,247960
2022,MONTANA,2,REPUBLICAN,121979,215672
2022,NEBRASKA,1,REPUBLICAN,129236,223165
2022,NEBRASKA,2,REPUBLICAN,112663,219470
2022,NEBRASKA,3,REPUBLICAN,172700,220552
2022,NEVADA,1,DEMOCRAT,115700,224349
2022,NEVADA,2,REPUBLICAN,185467,310498
2022,NEVADA,3,DEMOCRAT,131086,252169
2022,NEVADA,4,DEMOCRAT,116617,222487
2022,NEW HAMPSHIRE,1,DEMOCRAT,167391,309962
2022,NEW HAMPSHIRE,2,DEMOCRAT,171636,307584
2022,NEW JERSEY,1,DEMOCRAT,139559,223884
2022,NEW JERSEY,2,REPUBLICAN,139217,236484
2022,NEW JERSEY,3,DEMOCRAT,150498,271376
2022,NEW JERSEY,4,REPUBLICAN,173288,258962
2022,NEW JERSEY,5,DEMOCRAT,145559,265943
2022,NEW JERSEY,6,DEMOCRAT,106238,184919
2022,NEW JERSEY,7,REPUBLICAN,159392,310093
2022,NEW JERSEY,8,DEMOCRAT,78382,106473
2022,NEW JERSEY,9,DEMOCRAT,82457,149984
2022,NEW JERSEY,10,DEMOCRAT,100710,129707
2022,NEW JERSEY,11,DEMOCRAT,161436,273664
2022,NEW JERSEY,12,DEMOCRAT,125127,198227
2022,NEW MEXICO,1,DEMOCRAT,156462,280671
2022,NEW MEXICO,2,DEMOCRAT,96986,192673
2022,NEW MEXICO,3,DEMOCRAT,134217,230782
2022,NEW YORK,1,REPUBLICAN,154046,327052
2022,NEW YORK,2,REPUBLICAN,130798,256117
2022,NEW YORK,3,REPUBLICAN,133859,279772
2022,NEW YORK,4,DEMOCRAT,130871,278548
2022,NEW YORK,5,DEMOCRAT,104396,144316
2022,NEW YORK,6,DEMOCRAT,85049,137692
2022,NEW YORK,7,DEMOCRAT,95645,153557
2022,NEW YORK,8,DEMOCRAT,99079,144476
2022,NEW YORK,9,DEMOCRAT,99771,167533
2022,NEW YORK,10,DEMOCRAT,160582,202131
2022,NEW YORK,11,REPUBLICAN,107989,191083
2022,NEW YORK,12,DEMOCRAT,184872,251078
2022,NEW YORK,13,DEMOCRAT,116589,142795
2022,NEW YORK,14,DEMOCRAT,74050,122582
2022,NEW YORK,15,DEMOCRAT,76406,101732
2022,NEW YORK,16,DEMOCRAT,127024,221597
2022,NEW YORK,17,DEMOCRAT,133457,291308
2022,NEW YORK,18,DEMOCRAT,123168,272617
2022,NEW YORK,19,REPUBLICAN,129960,292577
2022,NEW YORK,20,DEMOCRAT,145928,295722
2022,NEW YORK,21,REPUBLICAN,150595,289617
2022,NEW YORK,22,DEMOCRAT,132913,273981
2022,NEW YORK,23,REPUBLICAN,163000,306126
2022,NEW YORK,24,REPUBLICAN,156347,285525
2022,NEW YORK,25,DEMOCRAT,139875,284990
2022,NEW YORK,26,DEMOCRAT,141942,251300
2022,NORTH CAROLINA,1,DEMOCRAT,134996,257776
2022,NORTH CAROLINA,2,DEMOCRAT,190714,294869
2022,NORTH CAROLINA,3,REPUBLICAN,166520,248898
2022,NORTH CAROLINA,4,DEMOCRAT,194983,291425
2022,NORTH CAROLINA,5,REPUBLICAN,175279,277548
2022,NORTH CAROLINA,6,DEMOCRAT,139553,258998
2022,NORTH CAROLINA,7,REPUBLICAN,164047,284269
2022,NORTH CAROLINA,8,REPUBLICAN,183998,263190
2022,NORTH CAROLINA,9,REPUBLICAN,131453,232655
2022,NORTH CAROLINA,10,REPUBLICAN,194681,268207
2022,NORTH CAROLINA,11,REPUBLICAN,174232,323912
2022,NORTH CAROLINA,12,DEMOCRAT,140494,223908
2022,NORTH CAROLINA,13,DEMOCRAT,143090,277346
2022,NORTH CAROLINA,14,DEMOCRAT,148738,257752
2022,OHIO,1,DEMOCRAT,156416,296474
2022,OHIO,2,REPUBLICAN,192117,257862
2022,OHIO,3,DEMOCRAT,182324,258797
2022,OHIO,4,REPUBLICAN,200773,290156
2022,OHIO,5,REPUBLICAN,187303,279937
2022,OHIO,6,REPUBLICAN,189883,280383
2022,OHIO,7,REPUBLICAN,168002,303573
2022,OHIO,8,REPUBLICAN,180287,278916
2022,OHIO,9,DEMOCRAT,150655,266017
2022,OHIO,10,REPUBLICAN,168327,272961
2022,OHIO,11,DEMOCRAT,167722,215710
2022,OHIO,12,REPUBLICAN,191344,276237
2022,OHIO,13,DEMOCRAT,149816,284409
2022,OHIO,14,REPUBLICAN,183389,297028
2022,OHIO,15,REPUBLICAN,143112,251251
2022,OKLAHOMA,1,REPUBLICAN,142800,233495
2022,OKLAHOMA,2,REPUBLICAN,167843,231672
2022,OKLAHOMA,3,REPUBLICAN,147418,197772
2022,OKLAHOMA,4,REPUBLICAN,149879,224546
2022,OKLAHOMA,5,REPUBLICAN,152699,258826
2022,OREGON,1,DEMOCRAT,210682,310243
2022,OREGON,2,REPUBLICAN,208369,308676
2022,OREGON,3,DEMOCRAT,212119,303334
2022,OREGON,4,DEMOCRAT,171372,339077
2022,OREGON,5,REPUBLICAN,178813,351233
2022,OREGON,6,DEMOCRAT,147156,294377
2022,PENNSYLVANIA,1,REPUBLICAN,201571,367380
2022,PENNSYLVANIA,2,DEMOCRAT,141229,186683
2022,PENNSYLVANIA,3,DEMOCRAT,251115,263935
2022,PENNSYLVANIA,4,DEMOCRAT,224799,366785
2022,PENNSYLVANIA,5,DEMOCRAT,205128,315186
2022,PENNSYLVANIA,6,DEMOCRAT,190386,326483
2022,PENNSYLVANIA,7,DEMOCRAT,151364,296891
2022,PENNSYLVANIA,8,DEMOCRAT,146956,286886
2022,PENNSYLVANIA,9,REPUBLICAN,209185,301807
2022,PENNSYLVANIA,10,REPUBLICAN,169331,314546
2022,PENNSYLVANIA,11,REPUBLICAN,194991,316826
2022,PENNSYLVANIA,12,DEMOCRAT,184674,328620
2022,PENNSYLVANIA,13,REPUBLICAN,260345,260345
2022,PENNSYLVANIA,14,REPUBLICAN,230865,230865
2022,PENNSYLVANIA,15,REPUBLICAN,213417,305146
2022,PENNSYLVANIA,16,REPUBLICAN,190546,320989
2022,PENNSYLVANIA,17,DEMOCRAT,193615,362628
2022,RHODE ISLAND,1,DEMOCRAT,100318,156734
2022,RHODE ISLAND,2,DEMOCRAT,101432,201089
2022,SOUTH CAROLINA,1,REPUBLICAN,153757,272681
2022,SOUTH CAROLINA,2,REPUBLICAN,147699,246126
2022,SOUTH CAROLINA,3,REPUBLICAN,189971,194569
2022,SOUTH CAROLINA,4,REPUBLICAN,165607,182365
2022,SOUTH CAROLINA,5,REPUBLICAN,154725,241707
2022,SOUTH CAROLINA,6,DEMOCRAT,130923,211028
2022,SOUTH CAROLINA,7,REPUBLICAN,164440,253865
2022,TENNESSEE,1,REPUBLICAN,147241,188003
2022,TENNESSEE,2,REPUBLICAN,141089,207762
2022,TENNESSEE,3,REPUBLICAN,136639,199830
2022,TENNESSEE,4,REPUBLICAN,122401,173437
2022,TENNESSEE,5,REPUBLICAN,123558,221275
2022,TENNESSEE,6,REPUBLICAN,129388,195063
2022,TENNESSEE,7,REPUBLICAN,108421,180822
2022,TENNESSEE,8,REPUBLICAN,155602,210315
2022,TENNESSEE,9,DEMOCRAT,93800,133918
2022,TEXAS,1,REPUBLICAN,183224,234662
2022,TEXAS,2,REPUBLICAN,151791,230287
2022,TEXAS,3,REPUBLICAN,164240,271256
2022,TEXAS,4,REPUBLICAN,170781,256009
2022,TEXAS,5,REPUBLICAN,135595,211965
2022,TEXAS,6,REPUBLICAN,149321,149321
2022,TEXAS,7,DEMOCRAT,115994,181829
2022,TEXAS,8,REPUBLICAN,153127,224968
2022,TEXAS,9,DEMOCRAT,125446,163607
2022,TEXAS,10,REPUBLICAN,159469,251937
2022,TEXAS,11,REPUBLICAN,151066,151066
2022,TEXAS,12,REPUBLICAN,152953,237979
2022,TEXAS,13,REPUBLICAN,161767,214677
2022,TEXAS,14,REPUBLICAN,149543,213149
2022,TEXAS,15,REPUBLICAN,80978,151889
2022,TEXAS,16,DEMOCRAT,95510,150496
2022,TEXAS,17,REPUBLICAN,144408,217209
2022,TEXAS,18,DEMOCRAT,110511,156268
2022,TEXAS,19,REPUBLICAN,152321,189681
2022,TEXAS,20,DEMOCRAT,115352,168599
2022,TEXAS,21,REPUBLICAN,207426,330081
2022,TEXAS,22,REPUBLICAN,150014,241215
2022,TEXAS,23,REPUBLICAN,116649,208776
2022,TEXAS,24,REPUBLICAN,177947,297825
2022,TEXAS,25,REPUBLICAN,185270,185270
2022,TEXAS,26,REPUBLICAN,183639,265023
2022,TEXAS,27,REPUBLICAN,133416,207027
2022,TEXAS,28,DEMOCRAT,93803,165581
2022,TEXAS,29,DEMOCRAT,71837,100602
2022,TEXAS,30,DEMOCRAT,134876,180513
2022,TEXAS,31,REPUBLICAN,183185,183185
2022,TEXAS,32,DEMOCRAT,116005,177499
2022,TEXAS,33,DEMOCRAT,82081,114030
2022,TEXAS,34,DEMOCRAT,70896,134439
2022,TEXAS,35,DEMOCRAT,129599,178568
2022,TEXAS,36,REPUBLICAN,145599,209615
2022,TEXAS,37,DEMOCRAT,219358,285789
2022,TEXAS,38,REPUBLICAN,163597,259869
2022,UTAH,1,REPUBLICAN,178434,266420
2022,UTAH,2,REPUBLICAN,154883,259399
2022,UTAH,3,REPUBLICAN,182497,283380
2022,UTAH,4,REPUBLICAN,155110,254059
2022,VIRGINIA,1,REPUBLICAN,191828,342742
2022,VIRGINIA,2,REPUBLICAN,153328,296996
2022,VIRGINIA,3,DEMOCRAT,139659,207850
2022,VIRGINIA,4,DEMOCRAT,159044,244978
2022,VIRGINIA,5,REPUBLICAN,177191,307790
2022,VIRGINIA,6,REPUBLICAN,173352,269234
2022,VIRGINIA,7,DEMOCRAT,143357,274590
2022,VIRGINIA,8,DEMOCRAT,197760,268936
2022,VIRGINIA,9,REPUBLICAN,182207,248792
2022,VIRGINIA,10,DEMOCRAT,157405,296145
2022,VIRGINIA,11,DEMOCRAT,193190,289676
2022,WASHINGTON,1,DEMOCRAT,181992,286684
2022,WASHINGTON,2,DEMOCRAT,202980,337923
2022,WASHINGTON,3,DEMOCRAT,160314,319759
2022,WASHINGTON,4,REPUBLICAN,150619,226647
2022,WASHINGTON,5,REPUBLICAN,188648,317006
2022,WASHINGTON,6,DEMOCRAT,208710,347873
2022,WASHINGTON,7,DEMOCRAT,295998,346647
2022,WASHINGTON,8,DEMOCRAT,179003,336038
2022,WASHINGTON,9,DEMOCRAT,171746,239848
2022,WASHINGTON,10,DEMOCRAT,152544,267748
2022,WEST VIRGINIA,1,REPUBLICAN,151511,227196
2022,WEST VIRGINIA,2,REPUBLICAN,160493,244886
2022,WISCONSIN,1,REPUBLICAN,162610,300867
2022,WISCONSIN,2,DEMOCRAT,268740,378537
2022,WISCONSIN,3,REPUBLICAN,164743,317922
2022,WISCONSIN,4,DEMOCRAT,191955,255012
2022,WISCONSIN,5,REPUBLICAN,243741,378523
2022,WISCONSIN,6,REPUBLICAN,239231,251999
2022,WISCONSIN,7,REPUBLICAN,209224,338268
2022,WISCONSIN,8,REPUBLICAN,223981,310196
